student,bear_diff
1,0.44
2,0.48
3,0.53
4,0.45
5,0.42
6,0.27
7,0.37
8,0.36
9,0.52
10,0.35
11,0.43
12,0.51
13,0.26
14,0.48
15,0.44
16,0.48
17,0.32
18,0.43
19,0.34
20,0.44
21,0.34
22,0.32
23,0.43
24,0.42
25,0.44
26,0.45
27,0.44
28,0.49
29,0.34
30,0.2
31,0.36
32,0.35
33,0.36
34,0.36
35,0.44
36,0.37
37,0.41
38,0.46
39,0.38
40,0.46
41,0.28
42,0.39
43,0.33
44,0.45
45,0.33
46,0.51
47,0.33
48,0.37
49,0.23
50,0.36
51,0.42
52,0.46
53,0.46
54,0.48
55,0.33
56,0.39
57,0.4
58,0.38
59,0.35
60,0.39
61,0.33
62,0.36
63,0.46
64,0.38
65,0.43
66,0.29
67,0.44
68,0.46
69,0.2
70,0.48
71,0.36
72,0.38
73,0.46
74,0.5
75,0.51
76,0.5
77,0.33
78,0.39
79,0.33
80,0.41
81,0.5
82,0.39
83,0.39
84,0.42
85,0.46
86,0.41
87,0.36
88,0.4
89,0.48
90,0.53
91,0.23
92,0.47
93,0.42
94,0.31
95,0.43
96,0.53
97,0.41
98,0.5
99,0.49
100,0.36
101,0.36
102,0.41
103,0.36
104,0.44
105,0.38
106,0.4
107,0.36
108,0.34
109,0.38
110,0.34
111,0.5
112,0.37
113,0.39
114,0.34
115,0.38
116,0.46
117,0.46
118,0.41
119,0.43
120,0.47
121,0.54
122,0.5
123,0.42
124,0.42
125,0.51
126,0.43
127,0.43
128,0.4
129,0.51
130,0.5
131,0.46
132,0.4
133,0.47
134,0.4
135,0.47
136,0.29
137,0.4
138,0.52
139,0.51
140,0.35
141,0.4
142,0.55
143,0.37
144,0.34
145,0.4
146,0.4
147,0.53
148,0.35
149,0.44
150,0.42
151,0.35
152,0.37
153,0.36
154,0.44
155,0.46
156,0.38
157,0.42
158,0.34
159,0.37
160,0.53
161,0.38
162,0.4
163,0.36
164,0.4
165,0.33
166,0.57
167,0.53
168,0.55
169,0.49
170,0.49
171,0.49
172,0.41
173,0.29
174,0.5
175,0.43
176,0.37
177,0.5
178,0.45
179,0.39
180,0.47
181,0.48
182,0.42
183,0.49
184,0.43
185,0.47
186,0.51
187,0.46
188,0.46
189,0.5
190,0.31
191,0.5
192,0.42
193,0.31
194,0.41
195,0.33
196,0.42
197,0.48
198,0.3
199,0.32
200,0.45
201,0.34
202,0.49
203,0.2
204,0.33
205,0.34
206,0.41
207,0.42
208,0.35
209,0.36
210,0.43
211,0.39
212,0.3
213,0.43
214,0.49
215,0.38
216,0.51
217,0.2
218,0.49
219,0.36
220,0.43
221,0.43
222,0.43
223,0.38
224,0.32
225,0.33
226,0.41
227,0.48
228,0.38
229,0.47
230,0.4
231,0.46
232,0.39
233,0.46
234,0.45
235,0.44
236,0.45
237,0.12
238,0.46
239,0.45
240,0.37
241,0.49
242,0.42
243,0.48
244,0.35
245,0.4
246,0.36
247,0.48
248,0.43
249,0.0
250,0.35
251,0.5
252,0.38
253,0.49
254,0.47
255,0.35
256,0.34
257,0.45
258,0.45
259,0.34
260,0.48
261,0.4
262,0.38
263,0.37
264,0.41
265,0.42
266,0.42
267,0.51
268,0.52
269,0.48
270,0.46
271,0.49
272,0.53
273,0.39
274,0.48
275,0.36
276,0.55
277,0.4
278,0.49
279,0.36
280,0.44
281,0.29
282,0.4
283,0.34
284,0.37
285,0.37
286,0.37
287,0.43
288,0.51
289,0.33
290,0.39
291,0.42
292,0.42
293,0.46
294,0.39
295,0.52
296,0.4
297,0.32
298,0.43
299,0.34
300,0.46
301,0.33
302,0.43
303,0.3
304,0.39
305,0.45
306,0.34
307,0.39
308,0.48
309,0.43
310,0.42
311,0.48
312,0.42
313,0.34
314,0.48
315,0.49
316,0.44
317,0.48
318,0.45
319,0.5
320,0.5
321,0.48
322,0.42
323,0.5
324,0.32
325,0.45
326,0.47
327,0.31
328,0.43
329,0.44
330,0.42
331,0.47
332,0.42
333,0.39
334,0.39
335,0.53
336,0.37
337,0.47
338,0.45
339,0.39
340,0.42
341,0.56
342,0.33
343,0.39
344,0.34
345,0.41
346,0.32
347,0.34
348,0.42
349,0.39
350,0.5
351,0.36
352,0.44
353,0.47
354,0.33
355,0.31
356,0.39
357,0.5
358,0.36
359,0.54
360,0.43
361,0.47
362,0.45
363,0.47
364,0.29
365,0.38
366,0.33
367,0.51
368,0.28
369,0.5
370,0.31
371,0.44
372,0.45
373,0.48
374,0.51
375,0.44
376,0.56
377,0.41
378,0.48
379,0.35
380,0.48
381,0.4
382,0.57
383,0.48
384,0.42
385,0.44
386,0.43
387,0.33
388,0.42
389,0.48
390,0.53
391,0.51
392,0.52
393,0.48
394,0.42
395,0.5
396,0.43
397,0.42
398,0.38
399,0.47
400,0.32
401,0.4
402,0.51
403,0.54
404,0.43
405,0.46
406,0.42
407,0.37
408,0.35
409,0.35
410,0.47
411,0.49
412,0.48
413,0.42
414,0.42
415,0.39
416,0.53
417,0.57
418,0.43
419,0.47
420,0.41
421,0.48
422,0.34
423,0.32
424,0.54
425,0.43
426,0.41
427,0.38
428,0.44
429,0.5
430,0.45
431,0.52
432,0.33
433,0.5
434,0.39
435,0.36
436,0.44
437,0.43
438,0.45
439,0.37
440,0.38
441,0.49
442,0.43
443,0.51
444,0.39
445,0.42
446,0.46
447,0.39
448,0.44
449,0.42
450,0.42
451,0.38
452,0.41
453,0.44
454,0.4
455,0.58
456,0.37
457,0.5
458,0.39
459,0.35
460,0.46
461,0.47
462,0.5
463,0.4
464,0.39
465,0.42
466,0.46
467,0.36
468,0.53
469,0.54
470,0.5
471,0.28
472,0.4
473,0.51
474,0.38
475,0.53
476,0.45
477,0.47
478,0.5
479,0.53
480,0.5
481,0.29
482,0.42
483,0.32
484,0.38
485,0.43
486,0.42
487,0.51
488,0.46
489,0.34
490,0.51
491,0.46
492,0.48
493,0.44
494,0.31
495,0.47
496,0.53
497,0.36
498,0.44
499,0.42
500,0.42
501,0.47
502,0.41
503,0.47
504,0.31
505,0.41
506,0.43
507,0.44
508,0.37
509,0.39
510,0.43
511,0.46
512,0.4
513,0.36
514,0.33
515,0.51
516,0.44
517,0.41
518,0.39
519,0.46
520,0.45
521,0.36
522,0.42
523,0.4
524,0.41
525,0.37
526,0.54
527,0.47
528,0.48
529,0.2
530,0.44
531,0.46
532,0.46
533,0.4
534,0.28
535,0.35
536,0.32
537,0.37
538,0.43
539,0.57
540,0.38
541,0.54
542,0.34
543,0.51
544,0.4
545,0.48
546,0.35
547,0.48
548,0.46
549,0.43
550,0.51
551,0.51
552,0.51
553,0.53
554,0.52
555,0.33
556,0.56
557,0.42
558,0.41
559,0.27
560,0.4
561,0.45
562,0.43
563,0.45
564,0.42
565,0.44
566,0.51
567,0.47
568,0.41
569,0.4
570,0.46
571,0.47
572,0.36
573,0.4
574,0.49
575,0.29
576,0.37
577,0.43
578,0.45
579,0.42
580,0.45
581,0.46
582,0.49
583,0.45
584,0.41
585,0.38
586,0.5
587,0.39
588,0.34
589,0.27
590,0.27
591,0.33
592,0.4
593,0.36
594,0.27
595,0.45
596,0.36
597,0.34
598,0.3
599,0.41
600,0.41
601,0.27
602,0.61
603,0.39
604,0.39
605,0.3
606,0.38
607,0.45
608,0.37
609,0.26
610,0.34
611,0.46
612,0.54
613,0.46
614,0.3
615,0.49
616,0.37
617,0.48
618,0.49
619,0.12
620,0.33
621,0.38
622,0.45
623,0.55
624,0.36
625,0.36
626,0.37
627,0.57
628,0.43
629,0.39
630,0.38
631,0.33
632,0.34
633,0.42
634,0.39
635,0.36
636,0.45
637,0.5
638,0.41
639,0.44
640,0.38
641,0.49
642,0.39
643,0.28
644,0.39
645,0.42
646,0.58
647,0.3
648,0.47
649,0.43
650,0.37
651,0.4
652,0.47
653,0.24
654,0.42
655,0.49
656,0.12
657,0.33
658,0.32
659,0.45
660,0.48
661,0.45
662,0.41
663,0.36
664,0.44
665,0.46
666,0.3
667,0.38
668,0.56
669,0.35
670,0.43
671,0.48
672,0.42
673,0.41
674,0.45
675,0.33
676,0.28
677,0.47
678,0.43
679,0.45
680,0.56
681,0.37
682,0.43
683,0.39
684,0.37
685,0.45
686,0.48
687,0.35
688,0.47
689,0.5
690,0.36
691,0.42
692,0.38
693,0.34
694,0.55
695,0.42
696,0.36
697,0.46
698,0.47
699,0.48
700,0.42
701,0.43
702,0.4
703,0.37
704,0.5
705,0.31
706,0.49
707,0.45
708,0.48
709,0.44
710,0.35
711,0.46
712,0.45
713,0.41
714,0.51
715,0.48
716,0.48
717,0.4
718,0.48
719,0.44
720,0.44
721,0.35
722,0.39
723,0.41
724,0.35
725,0.35
726,0.38
727,0.31
728,0.36
729,0.39
730,0.46
731,0.4
732,0.43
733,0.4
734,0.43
735,0.31
736,0.34
737,0.34
738,0.37
739,0.44
740,0.48
741,0.37
742,0.38
743,0.37
744,0.45
745,0.48
746,0.31
747,0.47
748,0.33
749,0.49
750,0.51
751,0.4
752,0.41
753,0.48
754,0.32
755,0.43
756,0.43
757,0.45
758,0.39
759,0.36
760,0.38
761,0.52
762,0.46
763,0.42
764,0.44
765,0.27
766,0.4
767,0.32
768,0.43
769,0.47
770,0.5
771,0.41
772,0.41
773,0.37
774,0.43
775,0.4
776,0.47
777,0.41
778,0.34
779,0.38
780,0.37
781,0.39
782,0.33
783,0.38
784,0.56
785,0.35
786,0.43
787,0.38
788,0.49
789,0.47
790,0.41
791,0.55
792,0.42
793,0.42
794,0.42
795,0.41
796,0.37
797,0.47
798,0.4
799,0.29
800,0.42
801,0.5
802,0.29
803,0.47
804,0.5
805,0.38
806,0.36
807,0.37
808,0.31
809,0.45
810,0.37
811,0.35
812,0.47
813,0.44
814,0.41
815,0.51
816,0.36
817,0.35
818,0.36
819,0.49
820,0.36
821,0.42
822,0.48
823,0.49
824,0.31
825,0.41
826,0.44
827,0.37
828,0.32
829,0.39
830,0.38
831,0.36
832,0.47
833,0.43
834,0.34
835,0.35
836,0.46
837,0.41
838,0.4
839,0.48
840,0.33
841,0.4
842,0.33
843,0.44
844,0.42
845,0.37
846,0.42
847,0.37
848,0.38
849,0.44
850,0.38
851,0.29
852,0.3
853,0.43
854,0.51
855,0.34
856,0.39
857,0.32
858,0.48
859,0.52
860,0.42
861,0.23
862,0.56
863,0.4
864,0.41
865,0.37
866,0.36
867,0.4
868,0.36
869,0.41
870,0.41
871,0.36
872,0.41
873,0.45
874,0.36
875,0.37
876,0.34
877,0.32
878,0.45
879,0.41
880,0.3
881,0.34
882,0.29
883,0.4
884,0.45
885,0.29
886,0.5
887,0.34
888,0.55
889,0.39
890,0.28
891,0.45
892,0.4
893,0.36
894,0.39
895,0.41
896,0.45
897,0.4
898,0.46
899,0.43
900,0.46
901,0.59
902,0.36
903,0.58
904,0.42
905,0.48
906,0.28
907,0.39
908,0.57
909,0.37
910,0.48
911,0.38
912,0.45
913,0.46
914,0.33
915,0.48
916,0.39
917,0.38
918,0.49
919,0.37
920,0.12
921,0.32
922,0.45
923,0.48
924,0.38
925,0.26
926,0.31
927,0.38
928,0.46
929,0.57
930,0.49
931,0.48
932,0.46
933,0.56
934,0.42
935,0.38
936,0.44
937,0.5
938,0.42
939,0.32
940,0.37
941,0.41
942,0.28
943,0.37
944,0.35
945,0.45
946,0.32
947,0.45
948,0.47
949,0.51
950,0.41
951,0.47
952,0.44
953,0.42
954,0.29
955,0.39
956,0.42
957,0.35
958,0.52
959,0.34
960,0.55
961,0.38
962,0.42
963,0.52
964,0.38
965,0.44
966,0.34
967,0.43
968,0.37
969,0.45
970,0.48
971,0.49
972,0.4
973,0.43
974,0.34
975,0.34
976,0.35
977,0.39
978,0.34
979,0.35
980,0.31
981,0.36
982,0.46
983,0.41
984,0.44
985,0.42
986,0.52
987,0.32
988,0.44
989,0.41
990,0.46
991,0.36
992,0.39
993,0.45
994,0.36
995,0.41
996,0.43
997,0.39
998,0.47
999,0.41
1000,0.37
1001,0.51
1002,0.29
1003,0.37
1004,0.32
1005,0.49
1006,0.45
1007,0.41
1008,0.35
1009,0.44
1010,0.37
1011,0.48
1012,0.38
1013,0.41
1014,0.45
1015,0.42
1016,0.41
1017,0.45
1018,0.36
1019,0.45
1020,0.34
1021,0.4
1022,0.37
1023,0.38
1024,0.34
1025,0.32
1026,0.47
1027,0.38
1028,0.46
1029,0.37
1030,0.34
1031,0.48
1032,0.38
1033,0.32
1034,0.48
1035,0.5
1036,0.4
1037,0.37
1038,0.52
1039,0.36
1040,0.44
1041,0.36
1042,0.44
1043,0.35
1044,0.46
1045,0.52
1046,0.56
1047,0.37
1048,0.47
1049,0.53
1050,0.37
1051,0.43
1052,0.3
1053,0.33
1054,0.4
1055,0.56
1056,0.55
1057,0.38
1058,0.33
1059,0.53
1060,0.55
1061,0.53
1062,0.39
1063,0.45
1064,0.38
1065,0.47
1066,0.47
1067,0.38
1068,0.44
1069,0.45
1070,0.34
1071,0.43
1072,0.38
1073,0.41
1074,0.36
1075,0.2
1076,0.51
1077,0.45
1078,0.46
1079,0.41
1080,0.42
1081,0.39
1082,0.41
1083,0.38
1084,0.35
1085,0.34
1086,0.52
1087,0.38
1088,0.38
1089,0.44
1090,0.37
1091,0.41
1092,0.35
1093,0.28
1094,0.29
1095,0.41
1096,0.52
1097,0.4
1098,0.36
1099,0.39
1100,0.36
1101,0.45
1102,0.42
1103,0.37
1104,0.39
1105,0.36
1106,0.36
1107,0.48
1108,0.41
1109,0.34
1110,0.27
1111,0.43
1112,0.41
1113,0.43
1114,0.35
1115,0.37
1116,0.32
1117,0.38
1118,0.4
1119,0.43
1120,0.28
1121,0.38
1122,0.23
1123,0.27
1124,0.36
1125,0.44
1126,0.31
1127,0.33
1128,0.29
1129,0.35
1130,0.35
1131,0.43
1132,0.44
1133,0.37
1134,0.39
1135,0.49
1136,0.33
1137,0.32
1138,0.47
1139,0.2
1140,0.53
1141,0.29
1142,0.5
1143,0.29
1144,0.42
1145,0.34
1146,0.34
1147,0.34
1148,0.45
1149,0.28
1150,0.57
1151,0.43
1152,0.51
1153,0.43
1154,0.49
1155,0.45
1156,0.59
1157,0.56
1158,0.47
1159,0.5
1160,0.47
1161,0.52
1162,0.5
1163,0.44
1164,0.52
1165,0.5
1166,0.48
1167,0.5
1168,0.58
1169,0.5
1170,0.51
1171,0.49
1172,0.53
1173,0.49
1174,0.43
1175,0.47
1176,0.51
1177,0.51
1178,0.52
1179,0.52
1180,0.55
1181,0.42
1182,0.53
1183,0.43
1184,0.44
1185,0.44
1186,0.52
1187,0.5
1188,0.47
1189,0.4
1190,0.54
1191,0.42
1192,0.43
1193,0.52
1194,0.54
1195,0.42
1196,0.39
1197,0.4
1198,0.39
1199,0.45
1200,0.5
1201,0.49
1202,0.48
1203,0.34
1204,0.48
1205,0.43
1206,0.37
1207,0.43
1208,0.52
1209,0.46
1210,0.46
1211,0.45
1212,0.5
1213,0.45
1214,0.5
1215,0.41
1216,0.47
1217,0.52
1218,0.46
1219,0.42
1220,0.52
1221,0.56
1222,0.52
1223,0.49
1224,0.45
1225,0.51
1226,0.41
1227,0.36
1228,0.36
1229,0.5
1230,0.43
1231,0.44
1232,0.42
1233,0.44
1234,0.54
1235,0.47
1236,0.37
1237,0.4
1238,0.43
1239,0.33
1240,0.5
1241,0.49
1242,0.4
1243,0.49
1244,0.5
1245,0.46
1246,0.52
1247,0.49
1248,0.42
1249,0.47
1250,0.46
1251,0.4
1252,0.42
1253,0.47
1254,0.47
1255,0.48
1256,0.46
1257,0.49
1258,0.4
1259,0.44
1260,0.51
1261,0.49
1262,0.5
1263,0.47
1264,0.49
1265,0.49
1266,0.44
1267,0.43
1268,0.41
1269,0.52
1270,0.37
1271,0.44
1272,0.56
1273,0.51
1274,0.45
1275,0.48
1276,0.52
1277,0.35
1278,0.4
1279,0.35
1280,0.37
1281,0.46
1282,0.27
1283,0.35
1284,0.37
1285,0.34
1286,0.44
1287,0.46
1288,0.4
1289,0.48
1290,0.3
1291,0.45
1292,0.54
1293,0.32
1294,0.47
1295,0.47
1296,0.5
1297,0.35
1298,0.37
1299,0.34
1300,0.42
1301,0.54
1302,0.49
1303,0.45
1304,0.4
1305,0.38
1306,0.48
1307,0.37
1308,0.4
1309,0.46
1310,0.39
1311,0.38
1312,0.4
1313,0.49
1314,0.5
1315,0.29
1316,0.36
1317,0.44
1318,0.57
1319,0.43
1320,0.42
1321,0.38
1322,0.5
1323,0.4
1324,0.46
1325,0.41
1326,0.39
1327,0.36
1328,0.42
1329,0.5
1330,0.39
1331,0.38
1332,0.42
1333,0.39
1334,0.38
1335,0.49
1336,0.45
1337,0.42
1338,0.29
1339,0.49
1340,0.38
1341,0.52
1342,0.38
1343,0.44
1344,0.59
1345,0.44
1346,0.43
1347,0.44
1348,0.38
1349,0.33
1350,0.38
1351,0.53
1352,0.58
1353,0.42
1354,0.44
1355,0.46
1356,0.43
1357,0.37
1358,0.37
1359,0.39
1360,0.44
1361,0.48
1362,0.35
1363,0.57
1364,0.44
1365,0.5
1366,0.48
1367,0.51
1368,0.4
1369,0.47
1370,0.35
1371,0.43
1372,0.57
1373,0.34
1374,0.5
1375,0.27
1376,0.48
1377,0.48
1378,0.5
1379,0.44
1380,0.45
1381,0.59
1382,0.48
1383,0.4
1384,0.45
1385,0.38
1386,0.46
1387,0.48
1388,0.43
1389,0.41
1390,0.37
1391,0.41
1392,0.51
1393,0.4
1394,0.53
1395,0.47
1396,0.4
1397,0.47
1398,0.36
1399,0.54
1400,0.5
1401,0.43
1402,0.38
1403,0.38
1404,0.46
1405,0.39
1406,0.43
1407,0.47
1408,0.31
1409,0.35
1410,0.44
1411,0.38
1412,0.38
1413,0.46
1414,0.51
1415,0.3
1416,0.38
1417,0.3
1418,0.42
1419,0.39
1420,0.44
1421,0.46
1422,0.33
1423,0.36
1424,0.41
1425,0.38
1426,0.4
1427,0.39
1428,0.36
1429,0.3
1430,0.49
1431,0.39
1432,0.38
1433,0.43
1434,0.42
1435,0.45
1436,0.39
1437,0.49
1438,0.48
1439,0.39
1440,0.35
1441,0.39
1442,0.43
1443,0.35
1444,0.32
1445,0.31
1446,0.47
1447,0.43
1448,0.37
1449,0.29
1450,0.41
1451,0.44
1452,0.36
1453,0.33
1454,0.45
1455,0.37
1456,0.38
1457,0.23
1458,0.33
1459,0.35
1460,0.5
1461,0.46
1462,0.32
1463,0.45
1464,0.33
1465,0.54
1466,0.35
1467,0.23
1468,0.49
1469,0.52
1470,0.47
1471,0.44
1472,0.36
1473,0.49
1474,0.31
1475,0.37
1476,0.42
1477,0.33
1478,0.37
1479,0.45
1480,0.53
1481,0.29
1482,0.35
1483,0.45
1484,0.33
1485,0.5
1486,0.42
1487,0.35
1488,0.34
1489,0.29
1490,0.38
1491,0.33
1492,0.4
1493,0.45
1494,0.39
1495,0.35
1496,0.4
1497,0.33
1498,0.36
1499,0.47
1500,0.49
1501,0.42
1502,0.36
1503,0.41
1504,0.34
1505,0.42
1506,0.53
1507,0.3
1508,0.39
1509,0.46
1510,0.44
1511,0.29
1512,0.41
1513,0.42
1514,0.5
1515,0.34
1516,0.34
1517,0.42
1518,0.4
1519,0.42
1520,0.4
1521,0.4
1522,0.37
1523,0.33
1524,0.38
1525,0.43
1526,0.57
1527,0.36
1528,0.43
1529,0.33
1530,0.38
1531,0.32
1532,0.52
1533,0.26
1534,0.44
1535,0.56
1536,0.45
1537,0.43
1538,0.42
1539,0.46
1540,0.42
1541,0.38
1542,0.4
1543,0.4
1544,0.33
1545,0.33
1546,0.36
1547,0.38
1548,0.4
1549,0.32
1550,0.3
1551,0.43
1552,0.4
1553,0.42
1554,0.5
1555,0.33
1556,0.48
1557,0.44
1558,0.39
1559,0.43
1560,0.4
1561,0.35
1562,0.47
1563,0.35
1564,0.45
1565,0.48
1566,0.4
1567,0.33
1568,0.36
1569,0.55
1570,0.53
1571,0.55
1572,0.56
1573,0.55
1574,0.54
1575,0.55
1576,0.53
1577,0.47
1578,0.48
1579,0.5
1580,0.51
1581,0.5
1582,0.5
1583,0.52
1584,0.54
1585,0.51
1586,0.43
1587,0.45
1588,0.51
1589,0.52
1590,0.54
1591,0.5
1592,0.55
1593,0.48
1594,0.5
1595,0.48
1596,0.47
1597,0.44
1598,0.51
1599,0.49
1600,0.49
1601,0.53
1602,0.5
1603,0.44
1604,0.52
1605,0.56
1606,0.47
1607,0.53
1608,0.53
1609,0.52
1610,0.39
1611,0.4
1612,0.41
1613,0.47
1614,0.53
1615,0.41
1616,0.51
1617,0.4
1618,0.43
1619,0.42
1620,0.46
1621,0.47
1622,0.38
1623,0.44
1624,0.46
1625,0.34
1626,0.52
1627,0.51
1628,0.41
1629,0.47
1630,0.45
1631,0.38
1632,0.55
1633,0.39
1634,0.52
1635,0.46
1636,0.4
1637,0.45
1638,0.45
1639,0.47
1640,0.47
1641,0.35
1642,0.44
1643,0.36
1644,0.48
1645,0.44
1646,0.46
1647,0.41
1648,0.44
1649,0.48
1650,0.51
1651,0.42
1652,0.47
1653,0.43
1654,0.51
1655,0.37
1656,0.47
1657,0.41
1658,0.43
1659,0.49
1660,0.44
1661,0.51
1662,0.51
1663,0.41
1664,0.46
1665,0.42
1666,0.33
1667,0.37
1668,0.38
1669,0.47
1670,0.43
1671,0.38
1672,0.51
1673,0.49
1674,0.43
1675,0.41
1676,0.48
1677,0.49
1678,0.34
1679,0.47
1680,0.42
1681,0.53
1682,0.41
1683,0.41
1684,0.41
1685,0.45
1686,0.51
1687,0.41
1688,0.32
1689,0.47
1690,0.47
1691,0.45
1692,0.42
1693,0.43
1694,0.4
1695,0.38
1696,0.33
1697,0.35
1698,0.47
1699,0.44
1700,0.39
1701,0.47
1702,0.49
1703,0.26
1704,0.43
1705,0.53
1706,0.51
1707,0.42
1708,0.55
1709,0.5
1710,0.43
1711,0.49
1712,0.47
1713,0.44
1714,0.49
1715,0.55
1716,0.53
1717,0.44
1718,0.46
1719,0.54
1720,0.5
1721,0.38
1722,0.48
1723,0.5
1724,0.5
1725,0.52
1726,0.44
1727,0.33
1728,0.5
1729,0.39
1730,0.54
1731,0.39
1732,0.41
1733,0.42
1734,0.47
1735,0.4
1736,0.47
1737,0.43
1738,0.43
1739,0.41
1740,0.49
1741,0.44
1742,0.47
1743,0.47
1744,0.4
1745,0.51
1746,0.36
1747,0.52
1748,0.43
1749,0.42
1750,0.32
1751,0.35
1752,0.35
1753,0.41
1754,0.37
1755,0.47
1756,0.48
1757,0.58
1758,0.49
1759,0.48
1760,0.54
1761,0.45
1762,0.39
1763,0.5
1764,0.49
1765,0.52
1766,0.39
1767,0.42
1768,0.45
1769,0.42
1770,0.29
1771,0.55
1772,0.33
1773,0.52
1774,0.46
1775,0.5
1776,0.44
1777,0.44
1778,0.33
1779,0.41
1780,0.45
1781,0.44
1782,0.34
1783,0.47
1784,0.33
1785,0.46
1786,0.4
1787,0.41
1788,0.45
1789,0.47
1790,0.46
1791,0.35
1792,0.48
1793,0.58
1794,0.55
1795,0.52
1796,0.36
1797,0.39
1798,0.45
1799,0.31
1800,0.36
1801,0.41
1802,0.3
1803,0.3
1804,0.32
1805,0.55
1806,0.51
1807,0.52
1808,0.5
1809,0.44
1810,0.48
1811,0.49
1812,0.48
1813,0.52
1814,0.46
1815,0.51
1816,0.49
1817,0.53
1818,0.49
1819,0.39
1820,0.51
1821,0.41
1822,0.49
1823,0.45
1824,0.49
1825,0.43
1826,0.45
1827,0.44
1828,0.49
1829,0.52
1830,0.38
1831,0.45
1832,0.46
1833,0.43
1834,0.45
1835,0.45
1836,0.46
1837,0.52
1838,0.38
1839,0.54
1840,0.48
1841,0.44
1842,0.46
1843,0.37
1844,0.34
1845,0.45
1846,0.41
1847,0.44
1848,0.53
1849,0.55
1850,0.48
1851,0.43
1852,0.54
1853,0.43
1854,0.49
1855,0.53
1856,0.44
1857,0.42
1858,0.44
1859,0.55
1860,0.37
1861,0.48
1862,0.49
1863,0.42
1864,0.36
1865,0.44
1866,0.5
1867,0.45
1868,0.43
1869,0.56
1870,0.4
1871,0.5
1872,0.46
1873,0.12
1874,0.47
1875,0.44
1876,0.41
1877,0.37
1878,0.48
1879,0.45
1880,0.46
1881,0.37
1882,0.47
1883,0.52
1884,0.48
1885,0.44
1886,0.3
1887,0.33
1888,0.41
1889,0.43
1890,0.37
1891,0.4
1892,0.42
1893,0.51
1894,0.46
1895,0.41
1896,0.53
1897,0.46
1898,0.43
1899,0.44
1900,0.35
1901,0.45
1902,0.51
1903,0.53
1904,0.48
1905,0.46
1906,0.51
1907,0.38
1908,0.44
1909,0.49
1910,0.41
1911,0.48
1912,0.48
1913,0.44
1914,0.41
1915,0.46
1916,0.41
1917,0.41
1918,0.51
1919,0.3
1920,0.47
1921,0.35
1922,0.41
1923,0.29
1924,0.41
1925,0.29
1926,0.41
1927,0.37
1928,0.36
1929,0.55
1930,0.42
1931,0.39
1932,0.34
1933,0.36
1934,0.36
1935,0.35
1936,0.31
1937,0.51
1938,0.42
1939,0.45
1940,0.47
1941,0.42
1942,0.45
1943,0.48
1944,0.55
1945,0.5
1946,0.46
1947,0.42
1948,0.36
1949,0.47
1950,0.46
1951,0.54
1952,0.33
1953,0.51
1954,0.44
1955,0.52
1956,0.48
1957,0.49
1958,0.47
1959,0.48
1960,0.32
1961,0.51
1962,0.48
1963,0.48
1964,0.53
1965,0.48
1966,0.51
1967,0.5
1968,0.42
1969,0.3
1970,0.47
1971,0.47
1972,0.37
1973,0.46
1974,0.38
1975,0.49
1976,0.42
1977,0.35
1978,0.41
1979,0.5
1980,0.51
1981,0.42
1982,0.38
1983,0.45
1984,0.34
1985,0.35
1986,0.39
1987,0.47
1988,0.48
1989,0.36
1990,0.45
1991,0.49
1992,0.44
1993,0.5
1994,0.42
1995,0.43
1996,0.41
1997,0.35
1998,0.55
1999,0.48
2000,0.45
2001,0.42
2002,0.38
2003,0.43
2004,0.31
2005,0.33
2006,0.48
2007,0.56
2008,0.26
2009,0.56
2010,0.49
2011,0.46
2012,0.48
2013,0.36
2014,0.43
2015,0.46
2016,0.39
2017,0.5
2018,0.35
2019,0.29
2020,0.5
2021,0.45
2022,0.33
2023,0.4
2024,0.52
2025,0.31
2026,0.32
2027,0.37
2028,0.29
2029,0.31
2030,0.55
2031,0.55
2032,0.53
2033,0.5
2034,0.51
2035,0.34
2036,0.48
2037,0.5
2038,0.47
2039,0.52
2040,0.44
2041,0.5
2042,0.37
2043,0.46
2044,0.43
2045,0.48
2046,0.48
2047,0.51
2048,0.4
2049,0.41
2050,0.4
2051,0.35
2052,0.38
2053,0.28
2054,0.4
2055,0.43
2056,0.41
2057,0.42
2058,0.43
2059,0.4
2060,0.33
2061,0.34
2062,0.39
2063,0.2
2064,0.39
2065,0.44
2066,0.29
2067,0.33
2068,0.38
2069,0.39
2070,0.39
2071,0.49
2072,0.46
2073,0.35
2074,0.46
2075,0.37
2076,0.36
2077,0.39
2078,0.46
2079,0.38
2080,0.5
2081,0.47
2082,0.41
2083,0.39
2084,0.23
2085,0.4
2086,0.4
2087,0.37
2088,0.52
2089,0.52
2090,0.51
2091,0.46
2092,0.38
2093,0.53
2094,0.44
2095,0.53
2096,0.48
2097,0.5
2098,0.44
2099,0.43
2100,0.38
2101,0.45
2102,0.4
2103,0.43
2104,0.48
2105,0.45
2106,0.51
2107,0.52
2108,0.54
2109,0.46
2110,0.47
2111,0.54
2112,0.45
2113,0.43
2114,0.44
2115,0.49
2116,0.54
2117,0.5
2118,0.48
2119,0.38
2120,0.56
2121,0.52
2122,0.47
2123,0.49
2124,0.48
2125,0.44
2126,0.38
2127,0.32
2128,0.52
2129,0.51
2130,0.42
2131,0.43
2132,0.45
2133,0.39
2134,0.49
2135,0.53
2136,0.49
2137,0.41
2138,0.5
2139,0.46
2140,0.5
2141,0.45
2142,0.41
2143,0.5
2144,0.47
2145,0.45
2146,0.49
2147,0.46
2148,0.47
2149,0.49
2150,0.43
2151,0.4
2152,0.43
2153,0.5
2154,0.45
2155,0.43
2156,0.38
2157,0.4
2158,0.46
2159,0.52
2160,0.45
2161,0.46
2162,0.54
2163,0.51
2164,0.5
2165,0.39
2166,0.39
2167,0.5
2168,0.42
2169,0.45
2170,0.37
2171,0.36
2172,0.46
2173,0.47
2174,0.46
2175,0.47
2176,0.5
2177,0.41
2178,0.46
2179,0.39
2180,0.38
2181,0.47
2182,0.48
2183,0.47
2184,0.5
2185,0.58
2186,0.42
2187,0.44
2188,0.37
2189,0.42
2190,0.5
2191,0.54
2192,0.42
2193,0.49
2194,0.49
2195,0.45
2196,0.43
2197,0.52
2198,0.34
2199,0.33
2200,0.41
2201,0.5
2202,0.53
2203,0.5
2204,0.4
2205,0.52
2206,0.46
2207,0.36
2208,0.39
2209,0.45
2210,0.43
2211,0.42
2212,0.41
2213,0.51
2214,0.5
2215,0.46
2216,0.44
2217,0.5
2218,0.52
2219,0.5
2220,0.53
2221,0.44
2222,0.52
2223,0.55
2224,0.51
2225,0.4
2226,0.31
2227,0.44
2228,0.36
2229,0.5
2230,0.41
2231,0.42
2232,0.48
2233,0.47
2234,0.36
2235,0.38
2236,0.38
2237,0.36
2238,0.53
2239,0.35
2240,0.36
2241,0.35
2242,0.4
2243,0.44
2244,0.35
2245,0.37
2246,0.34
2247,0.32
2248,0.34
2249,0.38
2250,0.28
2251,0.42
2252,0.37
2253,0.36
2254,0.46
2255,0.49
2256,0.44
2257,0.49
2258,0.38
2259,0.42
2260,0.35
2261,0.52
2262,0.54
2263,0.39
2264,0.4
2265,0.54
2266,0.54
2267,0.54
2268,0.49
2269,0.35
2270,0.35
2271,0.43
2272,0.48
2273,0.39
2274,0.44
2275,0.35
2276,0.44
2277,0.51
2278,0.49
2279,0.39
2280,0.52
2281,0.39
2282,0.47
2283,0.32
2284,0.44
2285,0.45
2286,0.32
2287,0.41
2288,0.39
2289,0.36
2290,0.32
2291,0.33
2292,0.44
2293,0.36
2294,0.42
2295,0.35
2296,0.42
2297,0.32
2298,0.39
2299,0.53
2300,0.45
2301,0.44
2302,0.46
2303,0.42
2304,0.4
2305,0.38
2306,0.5
2307,0.55
2308,0.38
2309,0.47
2310,0.29
2311,0.51
2312,0.33
2313,0.44
2314,0.36
2315,0.37
2316,0.34
2317,0.39
2318,0.33
2319,0.34
2320,0.38
2321,0.38
2322,0.28
2323,0.33
2324,0.42
2325,0.47
2326,0.31
2327,0.39
2328,0.38
2329,0.12
2330,0.41
2331,0.46
2332,0.45
2333,0.51
2334,0.5
2335,0.48
2336,0.52
2337,0.51
2338,0.47
2339,0.52
2340,0.51
2341,0.41
2342,0.49
2343,0.53
2344,0.52
2345,0.52
2346,0.46
2347,0.37
2348,0.44
2349,0.54
2350,0.43
2351,0.48
2352,0.47
2353,0.48
2354,0.38
2355,0.46
2356,0.49
2357,0.43
2358,0.49
2359,0.33
2360,0.41
2361,0.46
2362,0.45
2363,0.42
2364,0.42
2365,0.35
2366,0.4
2367,0.4
2368,0.5
2369,0.51
2370,0.34
2371,0.48
2372,0.46
2373,0.37
2374,0.37
2375,0.4
2376,0.33
2377,0.41
2378,0.45
2379,0.44
2380,0.4
2381,0.35
2382,0.35
2383,0.36
2384,0.41
2385,0.51
2386,0.29
2387,0.41
2388,0.43
2389,0.44
2390,0.37
2391,0.33
2392,0.42
2393,0.26
2394,0.48
2395,0.29
2396,0.45
2397,0.5
2398,0.45
2399,0.42
2400,0.36
2401,0.48
2402,0.37
2403,0.47
2404,0.42
2405,0.34
2406,0.33
2407,0.39
2408,0.38
2409,0.37
2410,0.49
2411,0.34
2412,0.46
2413,0.29
2414,0.47
2415,0.41
2416,0.37
2417,0.41
2418,0.46
2419,0.45
2420,0.43
2421,0.34
2422,0.58
2423,0.39
2424,0.42
2425,0.36
2426,0.4
2427,0.34
2428,0.33
2429,0.46
2430,0.4
2431,0.37
2432,0.38
2433,0.39
2434,0.42
2435,0.4
2436,0.34
2437,0.4
2438,0.43
2439,0.43
2440,0.36
2441,0.33
2442,0.37
2443,0.43
2444,0.41
2445,0.28
2446,0.39
2447,0.38
2448,0.34
2449,0.36
2450,0.39
2451,0.54
2452,0.54
2453,0.34
2454,0.39
2455,0.4
2456,0.42
2457,0.41
2458,0.38
2459,0.38
2460,0.37
2461,0.3
2462,0.31
2463,0.2
2464,0.36
2465,0.3
2466,0.0
2467,0.43
2468,0.41
2469,0.35
2470,0.36
2471,0.24
2472,0.33
2473,0.32
2474,0.32
2475,0.48
2476,0.4
2477,0.42
2478,0.52
2479,0.29
2480,0.4
2481,0.39
2482,0.35
2483,0.44
2484,0.28
2485,0.44
2486,0.12
2487,0.38
2488,0.36
2489,0.32
2490,0.4
2491,0.31
2492,0.42
2493,0.33
2494,0.38
2495,0.39
2496,0.3
2497,0.31
2498,0.33
2499,0.37
2500,0.2
2501,0.34
2502,0.33
2503,0.42
2504,0.37
2505,0.39
2506,0.49
2507,0.44
2508,0.36
2509,0.43
2510,0.48
2511,0.42
2512,0.26
2513,0.42
2514,0.37
2515,0.35
2516,0.31
2517,0.32
2518,0.51
2519,0.34
2520,0.52
2521,0.38
2522,0.41
2523,0.38
2524,0.45
2525,0.41
2526,0.34
2527,0.31
2528,0.34
2529,0.35
2530,0.43
2531,0.34
2532,0.33
2533,0.35
2534,0.54
2535,0.44
2536,0.41
2537,0.28
2538,0.39
2539,0.2
2540,0.37
2541,0.42
2542,0.36
2543,0.41
2544,0.45
2545,0.49
2546,0.41
2547,0.3
2548,0.37
2549,0.37
2550,0.34
2551,0.49
2552,0.53
2553,0.44
2554,0.31
2555,0.53
2556,0.46
2557,0.44
2558,0.38
2559,0.44
2560,0.45
2561,0.3
2562,0.44
2563,0.38
2564,0.48
2565,0.3
2566,0.39
2567,0.41
2568,0.38
2569,0.46
2570,0.33
2571,0.38
2572,0.37
2573,0.45
2574,0.43
2575,0.35
2576,0.38
2577,0.45
2578,0.35
2579,0.41
2580,0.4
2581,0.34
2582,0.38
2583,0.39
2584,0.5
2585,0.37
2586,0.39
2587,0.39
2588,0.28
2589,0.52
2590,0.55
2591,0.4
2592,0.44
2593,0.46
2594,0.43
2595,0.51
2596,0.43
2597,0.4
2598,0.49
2599,0.45
2600,0.39
2601,0.45
2602,0.46
2603,0.12
2604,0.42
2605,0.33
2606,0.35
2607,0.46
2608,0.51
2609,0.48
2610,0.34
2611,0.37
2612,0.33
2613,0.52
2614,0.42
2615,0.45
2616,0.4
2617,0.37
2618,0.39
2619,0.48
2620,0.35
2621,0.48
2622,0.4
2623,0.36
2624,0.32
2625,0.41
2626,0.34
2627,0.27
2628,0.44
2629,0.53
2630,0.36
2631,0.43
2632,0.49
2633,0.38
2634,0.51
2635,0.35
2636,0.28
2637,0.45
2638,0.46
2639,0.43
2640,0.52
2641,0.51
2642,0.53
2643,0.54
2644,0.45
2645,0.55
2646,0.52
2647,0.52
2648,0.44
2649,0.46
2650,0.37
2651,0.41
2652,0.45
2653,0.37
2654,0.52
2655,0.32
2656,0.48
2657,0.42
2658,0.42
2659,0.38
2660,0.46
2661,0.5
2662,0.39
2663,0.53
2664,0.43
2665,0.45
2666,0.41
2667,0.41
2668,0.46
2669,0.4
2670,0.37
2671,0.33
2672,0.34
2673,0.42
2674,0.44
2675,0.51
2676,0.29
2677,0.27
2678,0.31
2679,0.3
2680,0.35
2681,0.23
2682,0.34
2683,0.47
2684,0.37
2685,0.52
2686,0.38
2687,0.51
2688,0.46
2689,0.34
2690,0.34
2691,0.43
2692,0.31
2693,0.37
2694,0.41
2695,0.35
2696,0.46
2697,0.51
2698,0.46
2699,0.47
2700,0.36
2701,0.32
2702,0.41
2703,0.35
2704,0.35
2705,0.37
2706,0.49
2707,0.47
2708,0.46
2709,0.41
2710,0.5
2711,0.41
2712,0.45
2713,0.29
2714,0.33
2715,0.43
2716,0.4
2717,0.36
2718,0.36
2719,0.45
2720,0.47
2721,0.43
2722,0.4
2723,0.46
2724,0.44
2725,0.53
2726,0.42
2727,0.42
2728,0.47
2729,0.42
2730,0.45
2731,0.44
2732,0.49
2733,0.5
2734,0.38
2735,0.44
2736,0.52
2737,0.4
2738,0.49
2739,0.55
2740,0.48
2741,0.36
2742,0.49
2743,0.41
2744,0.44
2745,0.35
2746,0.42
2747,0.41
2748,0.45
2749,0.37
2750,0.37
2751,0.42
2752,0.56
2753,0.45
2754,0.38
2755,0.35
2756,0.42
2757,0.47
2758,0.4
2759,0.46
2760,0.48
2761,0.38
2762,0.41
2763,0.4
2764,0.39
2765,0.37
2766,0.35
2767,0.4
2768,0.52
2769,0.48
2770,0.49
2771,0.45
2772,0.43
2773,0.43
2774,0.37
2775,0.33
2776,0.44
2777,0.45
2778,0.4
2779,0.56
2780,0.52
2781,0.45
2782,0.45
2783,0.49
2784,0.47
2785,0.45
2786,0.51
2787,0.48
2788,0.53
2789,0.54
2790,0.46
2791,0.47
2792,0.33
2793,0.0
2794,0.56
2795,0.49
2796,0.54
2797,0.5
2798,0.53
2799,0.45
2800,0.51
2801,0.44
2802,0.4
2803,0.49
2804,0.35
2805,0.43
2806,0.44
2807,0.49
2808,0.56
2809,0.51
2810,0.39
2811,0.47
2812,0.48
2813,0.49
2814,0.45
2815,0.45
2816,0.5
2817,0.39
2818,0.43
2819,0.45
2820,0.43
2821,0.5
2822,0.47
2823,0.56
2824,0.5
2825,0.46
2826,0.44
2827,0.46
2828,0.54
2829,0.51
2830,0.42
2831,0.4
2832,0.51
2833,0.47
2834,0.42
2835,0.52
2836,0.49
2837,0.53
2838,0.46
2839,0.42
2840,0.44
2841,0.4
2842,0.46
2843,0.47
2844,0.57
2845,0.48
2846,0.57
2847,0.38
2848,0.53
2849,0.49
2850,0.45
2851,0.43
2852,0.41
2853,0.4
2854,0.44
2855,0.4
2856,0.49
2857,0.51
2858,0.52
2859,0.43
2860,0.45
2861,0.46
2862,0.53
2863,0.51
2864,0.47
2865,0.46
2866,0.49
2867,0.41
2868,0.34
2869,0.53
2870,0.46
2871,0.44
2872,0.5
2873,0.4
2874,0.41
2875,0.45
2876,0.46
2877,0.37
2878,0.46
2879,0.48
2880,0.49
2881,0.52
2882,0.43
2883,0.46
2884,0.39
2885,0.52
2886,0.47
2887,0.34
2888,0.37
2889,0.47
2890,0.44
2891,0.47
2892,0.5
2893,0.46
2894,0.45
2895,0.4
2896,0.49
2897,0.39
2898,0.43
2899,0.39
2900,0.5
2901,0.51
2902,0.52
2903,0.53
2904,0.51
2905,0.53
2906,0.45
2907,0.51
2908,0.47
2909,0.43
2910,0.41
2911,0.38
2912,0.47
2913,0.46
2914,0.39
2915,0.51
2916,0.5
2917,0.5
2918,0.46
2919,0.34
2920,0.51
2921,0.43
2922,0.47
2923,0.46
2924,0.56
2925,0.58
2926,0.45
2927,0.35
2928,0.5
2929,0.48
2930,0.35
2931,0.46
2932,0.59
2933,0.54
2934,0.54
2935,0.33
2936,0.44
2937,0.37
2938,0.53
2939,0.53
2940,0.52
2941,0.53
2942,0.58
2943,0.56
2944,0.55
2945,0.49
2946,0.53
2947,0.4
2948,0.55
2949,0.37
2950,0.46
2951,0.53
2952,0.51
2953,0.5
2954,0.49
2955,0.34
2956,0.45
2957,0.36
2958,0.49
2959,0.57
2960,0.38
2961,0.51
2962,0.46
2963,0.5
2964,0.51
2965,0.58
2966,0.51
2967,0.38
2968,0.48
2969,0.52
2970,0.46
2971,0.28
2972,0.51
2973,0.44
2974,0.29
2975,0.41
2976,0.34
2977,0.46
2978,0.4
2979,0.23
2980,0.32
2981,0.4
2982,0.4
2983,0.43
2984,0.45
2985,0.38
2986,0.46
2987,0.43
2988,0.45
2989,0.52
2990,0.49
2991,0.32
2992,0.48
2993,0.48
2994,0.46
2995,0.36
2996,0.34
2997,0.38
2998,0.35
2999,0.54
3000,0.37
3001,0.44
3002,0.54
3003,0.41
3004,0.33
3005,0.41
3006,0.48
3007,0.38
3008,0.29
3009,0.44
3010,0.3
3011,0.33
3012,0.42
3013,0.49
3014,0.41
3015,0.38
3016,0.36
3017,0.46
3018,0.45
3019,0.43
3020,0.36
3021,0.41
3022,0.41
3023,0.42
3024,0.5
3025,0.38
3026,0.4
3027,0.34
3028,0.53
3029,0.37
3030,0.31
3031,0.34
3032,0.52
3033,0.49
3034,0.48
3035,0.36
3036,0.42
3037,0.46
3038,0.46
3039,0.32
3040,0.47
3041,0.46
3042,0.4
3043,0.42
3044,0.35
3045,0.34
3046,0.45
3047,0.39
3048,0.23
3049,0.53
3050,0.4
3051,0.37
3052,0.4
3053,0.53
3054,0.43
3055,0.4
3056,0.45
3057,0.46
3058,0.39
3059,0.43
3060,0.43
3061,0.44
3062,0.44
3063,0.4
3064,0.32
3065,0.4
3066,0.35
3067,0.4
3068,0.36
3069,0.35
3070,0.41
3071,0.37
3072,0.44
3073,0.35
3074,0.34
3075,0.45
3076,0.46
3077,0.42
3078,0.52
3079,0.41
3080,0.55
3081,0.33
3082,0.53
3083,0.5
3084,0.54
3085,0.48
3086,0.35
3087,0.52
3088,0.47
3089,0.39
3090,0.39
3091,0.58
3092,0.5
3093,0.47
3094,0.36
3095,0.34
3096,0.46
3097,0.49
3098,0.39
3099,0.49
3100,0.32
3101,0.39
3102,0.49
3103,0.27
3104,0.46
3105,0.45
3106,0.39
3107,0.51
3108,0.35
3109,0.44
3110,0.49
3111,0.38
3112,0.29
3113,0.49
3114,0.39
3115,0.48
3116,0.5
3117,0.46
3118,0.32
3119,0.44
3120,0.41
3121,0.48
3122,0.4
3123,0.43
3124,0.41
3125,0.41
3126,0.54
3127,0.29
3128,0.35
3129,0.42
3130,0.39
3131,0.46
3132,0.34
3133,0.51
3134,0.39
3135,0.39
3136,0.48
3137,0.45
3138,0.51
3139,0.48
3140,0.36
3141,0.42
3142,0.39
3143,0.36
3144,0.38
3145,0.32
3146,0.51
3147,0.42
3148,0.45
3149,0.57
3150,0.47
3151,0.35
3152,0.4
3153,0.35
3154,0.45
3155,0.43
3156,0.54
3157,0.38
3158,0.56
3159,0.54
3160,0.5
3161,0.43
3162,0.42
3163,0.42
3164,0.42
3165,0.39
3166,0.48
3167,0.44
3168,0.52
3169,0.44
3170,0.43
3171,0.39
3172,0.41
3173,0.35
3174,0.33
3175,0.46
3176,0.4
3177,0.4
3178,0.35
3179,0.4
3180,0.4
3181,0.41
3182,0.35
3183,0.56
3184,0.45
3185,0.32
3186,0.49
3187,0.47
3188,0.49
3189,0.47
3190,0.41
3191,0.47
3192,0.37
3193,0.48
3194,0.33
3195,0.36
3196,0.48
3197,0.45
3198,0.27
3199,0.36
3200,0.4
3201,0.39
3202,0.44
3203,0.44
3204,0.42
3205,0.46
3206,0.37
3207,0.41
3208,0.37
3209,0.5
3210,0.42
3211,0.47
3212,0.45
3213,0.39
3214,0.49
3215,0.54
3216,0.45
3217,0.34
3218,0.36
3219,0.36
3220,0.49
3221,0.38
3222,0.38
3223,0.41
3224,0.39
3225,0.44
3226,0.49
3227,0.41
3228,0.29
3229,0.38
3230,0.46
3231,0.38
3232,0.27
3233,0.55
3234,0.5
3235,0.42
3236,0.49
3237,0.45
3238,0.43
3239,0.45
3240,0.34
3241,0.56
3242,0.4
3243,0.43
3244,0.5
3245,0.44
3246,0.42
3247,0.41
3248,0.37
3249,0.52
3250,0.47
3251,0.48
3252,0.42
3253,0.34
3254,0.44
3255,0.4
3256,0.44
3257,0.35
3258,0.44
3259,0.42
3260,0.44
3261,0.4
3262,0.42
3263,0.38
3264,0.34
3265,0.37
3266,0.48
3267,0.47
3268,0.51
3269,0.46
3270,0.42
3271,0.4
3272,0.54
3273,0.48
3274,0.49
3275,0.46
3276,0.38
3277,0.4
3278,0.43
3279,0.38
3280,0.51
3281,0.38
3282,0.33
3283,0.36
3284,0.43
3285,0.45
3286,0.43
3287,0.49
3288,0.37
3289,0.44
3290,0.44
3291,0.48
3292,0.42
3293,0.37
3294,0.39
3295,0.29
3296,0.42
3297,0.53
3298,0.52
3299,0.34
3300,0.35
3301,0.5
3302,0.5
3303,0.51
3304,0.49
3305,0.47
3306,0.39
3307,0.45
3308,0.51
3309,0.44
3310,0.45
3311,0.37
3312,0.52
3313,0.48
3314,0.42
3315,0.42
3316,0.39
3317,0.43
3318,0.38
3319,0.34
3320,0.47
3321,0.47
3322,0.49
3323,0.49
3324,0.47
3325,0.33
3326,0.33
3327,0.47
3328,0.37
3329,0.46
3330,0.38
3331,0.42
3332,0.35
3333,0.47
3334,0.39
3335,0.39
3336,0.41
3337,0.45
3338,0.46
3339,0.38
3340,0.55
3341,0.44
3342,0.49
3343,0.48
3344,0.38
3345,0.4
3346,0.49
3347,0.42
3348,0.36
3349,0.44
3350,0.37
3351,0.48
3352,0.31
3353,0.36
3354,0.41
3355,0.3
3356,0.43
3357,0.48
3358,0.39
3359,0.39
3360,0.42
3361,0.4
3362,0.42
3363,0.36
3364,0.39
3365,0.12
3366,0.27
3367,0.47
3368,0.42
3369,0.42
3370,0.38
3371,0.38
3372,0.34
3373,0.41
3374,0.29
3375,0.33
3376,0.28
3377,0.35
3378,0.4
3379,0.44
3380,0.38
3381,0.38
3382,0.35
3383,0.0
3384,0.34
3385,0.47
3386,0.32
3387,0.34
3388,0.34
3389,0.34
3390,0.34
3391,0.42
3392,0.34
3393,0.36
3394,0.34
3395,0.34
3396,0.46
3397,0.46
3398,0.48
3399,0.56
3400,0.39
3401,0.49
3402,0.41
3403,0.38
3404,0.45
3405,0.36
3406,0.37
3407,0.33
3408,0.51
3409,0.43
3410,0.36
3411,0.45
3412,0.39
3413,0.45
3414,0.47
3415,0.3
3416,0.58
3417,0.46
3418,0.39
3419,0.4
3420,0.36
3421,0.36
3422,0.45
3423,0.45
3424,0.33
3425,0.39
3426,0.28
3427,0.49
3428,0.47
3429,0.43
3430,0.36
3431,0.56
3432,0.41
3433,0.35
3434,0.38
3435,0.36
3436,0.46
3437,0.32
3438,0.33
3439,0.29
3440,0.28
3441,0.43
3442,0.32
3443,0.32
3444,0.38
3445,0.29
3446,0.23
3447,0.36
3448,0.42
3449,0.4
3450,0.42
3451,0.51
3452,0.39
3453,0.47
3454,0.31
3455,0.42
3456,0.37
3457,0.37
3458,0.47
3459,0.31
3460,0.42
3461,0.4
3462,0.37
3463,0.38
3464,0.38
3465,0.53
3466,0.43
3467,0.49
3468,0.39
3469,0.37
3470,0.35
3471,0.43
3472,0.48
3473,0.39
3474,0.33
3475,0.46
3476,0.3
3477,0.23
3478,0.31
3479,0.39
3480,0.48
3481,0.32
3482,0.39
3483,0.42
3484,0.37
3485,0.32
3486,0.34
3487,0.33
3488,0.42
3489,0.36
3490,0.41
3491,0.4
3492,0.54
3493,0.38
3494,0.38
3495,0.4
3496,0.41
3497,0.34
3498,0.36
3499,0.48
3500,0.42
3501,0.4
3502,0.5
3503,0.49
3504,0.55
3505,0.52
3506,0.53
3507,0.48
3508,0.44
3509,0.49
3510,0.49
3511,0.43
3512,0.51
3513,0.47
3514,0.57
3515,0.48
3516,0.54
3517,0.51
3518,0.52
3519,0.38
3520,0.45
3521,0.51
3522,0.43
3523,0.55
3524,0.51
3525,0.48
3526,0.48
3527,0.44
3528,0.36
3529,0.36
3530,0.41
3531,0.43
3532,0.55
3533,0.4
3534,0.48
3535,0.41
3536,0.44
3537,0.51
3538,0.44
3539,0.38
3540,0.43
3541,0.41
3542,0.4
3543,0.55
3544,0.62
3545,0.54
3546,0.41
3547,0.39
3548,0.48
3549,0.31
3550,0.39
3551,0.39
3552,0.5
3553,0.46
3554,0.39
3555,0.4
3556,0.6
3557,0.49
3558,0.43
3559,0.36
3560,0.36
3561,0.44
3562,0.52
3563,0.5
3564,0.49
3565,0.53
3566,0.44
3567,0.58
3568,0.49
3569,0.39
3570,0.48
3571,0.47
3572,0.5
3573,0.42
3574,0.54
3575,0.41
3576,0.32
3577,0.48
3578,0.56
3579,0.35
3580,0.35
3581,0.4
3582,0.29
3583,0.28
3584,0.47
3585,0.52
3586,0.35
3587,0.3
3588,0.4
3589,0.49
3590,0.32
3591,0.36
3592,0.42
3593,0.42
3594,0.42
3595,0.51
3596,0.46
3597,0.3
3598,0.49
3599,0.34
3600,0.54
3601,0.5
3602,0.45
3603,0.51
3604,0.48
3605,0.42
3606,0.41
3607,0.54
3608,0.51
3609,0.52
3610,0.53
3611,0.46
3612,0.45
3613,0.49
3614,0.51
3615,0.47
3616,0.52
3617,0.54
3618,0.48
3619,0.4
3620,0.41
3621,0.37
3622,0.26
3623,0.42
3624,0.49
3625,0.53
3626,0.41
3627,0.37
3628,0.44
3629,0.47
3630,0.44
3631,0.49
3632,0.38
3633,0.29
3634,0.33
3635,0.44
3636,0.57
3637,0.44
3638,0.2
3639,0.42
3640,0.44
3641,0.34
3642,0.34
3643,0.37
3644,0.34
3645,0.44
3646,0.43
3647,0.36
3648,0.44
3649,0.35
3650,0.42
3651,0.55
3652,0.45
3653,0.4
3654,0.5
3655,0.42
3656,0.48
3657,0.44
3658,0.51
3659,0.29
3660,0.47
3661,0.51
3662,0.4
3663,0.53
3664,0.34
3665,0.47
3666,0.51
3667,0.51
3668,0.36
3669,0.45
3670,0.46
3671,0.46
3672,0.39
3673,0.36
3674,0.46
3675,0.41
3676,0.38
3677,0.41
3678,0.4
3679,0.4
3680,0.43
3681,0.3
3682,0.42
3683,0.42
3684,0.37
3685,0.35
3686,0.39
3687,0.42
3688,0.36
3689,0.5
3690,0.47
3691,0.29
3692,0.48
3693,0.23
3694,0.23
3695,0.39
3696,0.32
3697,0.49
3698,0.48
3699,0.33
3700,0.45
3701,0.34
3702,0.51
3703,0.53
3704,0.52
3705,0.45
3706,0.5
3707,0.53
3708,0.42
3709,0.52
3710,0.4
3711,0.38
3712,0.43
3713,0.53
3714,0.47
3715,0.35
3716,0.45
3717,0.48
3718,0.42
3719,0.43
3720,0.51
3721,0.44
3722,0.47
3723,0.33
3724,0.36
3725,0.58
3726,0.48
3727,0.33
3728,0.5
3729,0.46
3730,0.62
3731,0.51
3732,0.49
3733,0.49
3734,0.43
3735,0.34
3736,0.51
3737,0.49
3738,0.36
3739,0.43
3740,0.39
3741,0.33
3742,0.47
3743,0.41
3744,0.4
3745,0.45
3746,0.43
3747,0.35
3748,0.4
3749,0.35
3750,0.37
3751,0.34
3752,0.35
3753,0.44
3754,0.41
3755,0.37
3756,0.38
3757,0.49
3758,0.51
3759,0.48
3760,0.46
3761,0.48
3762,0.54
3763,0.52
3764,0.45
3765,0.44
3766,0.46
3767,0.38
3768,0.32
3769,0.51
3770,0.48
3771,0.57
3772,0.51
3773,0.48
3774,0.39
3775,0.42
3776,0.5
3777,0.53
3778,0.47
3779,0.52
3780,0.47
3781,0.36
3782,0.41
3783,0.43
3784,0.46
3785,0.34
3786,0.33
3787,0.57
3788,0.43
3789,0.4
3790,0.39
3791,0.42
3792,0.33
3793,0.45
3794,0.44
3795,0.39
3796,0.38
3797,0.41
3798,0.35
3799,0.49
3800,0.34
3801,0.41
3802,0.48
3803,0.48
3804,0.35
3805,0.5
3806,0.49
3807,0.56
3808,0.39
3809,0.45
3810,0.52
3811,0.51
3812,0.47
3813,0.37
3814,0.55
3815,0.43
3816,0.51
3817,0.33
3818,0.4
3819,0.42
3820,0.54
3821,0.33
3822,0.36
3823,0.48
3824,0.52
3825,0.46
3826,0.42
3827,0.5
3828,0.43
3829,0.4
3830,0.46
3831,0.35
3832,0.42
3833,0.45
3834,0.4
3835,0.38
3836,0.42
3837,0.38
3838,0.39
3839,0.32
3840,0.46
3841,0.38
3842,0.41
3843,0.45
3844,0.31
3845,0.34
3846,0.36
3847,0.45
3848,0.32
3849,0.34
3850,0.38
3851,0.34
3852,0.46
3853,0.45
3854,0.55
3855,0.47
3856,0.37
3857,0.56
3858,0.48
3859,0.47
3860,0.46
3861,0.41
3862,0.47
3863,0.51
3864,0.46
3865,0.47
3866,0.38
3867,0.49
3868,0.43
3869,0.43
3870,0.43
3871,0.46
3872,0.49
3873,0.41
3874,0.55
3875,0.53
3876,0.42
3877,0.42
3878,0.49
3879,0.47
3880,0.4
3881,0.38
3882,0.42
3883,0.45
3884,0.46
3885,0.5
3886,0.44
3887,0.46
3888,0.43
3889,0.32
3890,0.46
3891,0.38
3892,0.29
3893,0.34
3894,0.34
3895,0.47
3896,0.44
3897,0.4
3898,0.29
3899,0.39
3900,0.41
3901,0.48
3902,0.46
3903,0.27
3904,0.33
3905,0.39
3906,0.48
3907,0.34
3908,0.51
3909,0.34
3910,0.4
3911,0.38
