item_id,knowledge_code
1,"[3, 69]"
2,"[93, 69]"
3,"[3, 69]"
4,"[3, 78]"
5,"[93, 69]"
6,[26]
7,[96]
8,[96]
9,[96]
10,[59]
11,[39]
12,[39]
13,[65]
14,"[65, 78]"
15,"[65, 78]"
16,"[39, 78]"
17,[65]
18,[65]
19,[65]
20,[65]
21,[39]
22,[65]
23,"[65, 97]"
24,"[65, 97]"
25,"[65, 69]"
26,"[65, 69]"
27,"[39, 59]"
28,[65]
29,[65]
30,[65]
31,[65]
32,[65]
33,"[65, 86]"
34,"[65, 86]"
35,"[65, 86]"
36,"[39, 86]"
37,"[65, 86]"
38,"[65, 86]"
39,"[65, 86]"
40,"[65, 86]"
41,"[64, 86]"
42,[39]
43,[39]
44,[39]
45,[39]
46,[39]
47,"[39, 28]"
48,"[39, 61]"
49,"[39, 28]"
50,"[39, 34]"
51,"[39, 28]"
52,"[29, 28]"
53,[29]
54,[29]
55,[29]
56,[29]
57,[59]
58,"[29, 94]"
59,"[55, 98]"
60,"[91, 45]"
61,"[55, 45]"
62,[91]
63,[29]
64,[39]
65,[1]
66,[1]
67,[1]
68,[1]
69,[39]
70,[27]
71,[39]
72,"[39, 98]"
73,"[39, 94]"
74,"[39, 94]"
75,"[39, 101]"
76,"[39, 101]"
77,"[39, 66]"
78,"[44, 66]"
79,[44]
80,[44]
81,[44]
82,"[65, 27]"
83,"[65, 67]"
84,"[65, 67]"
85,"[65, 27]"
86,"[65, 27]"
87,[91]
88,[91]
89,[91]
90,[91]
91,[65]
92,[65]
93,[65]
94,[65]
95,[91]
96,[91]
97,[91]
98,[91]
99,[65]
100,[65]
101,[65]
102,[65]
103,[91]
104,[91]
105,[91]
106,[91]
107,[65]
108,[65]
109,[65]
110,"[65, 86]"
111,"[65, 86]"
112,"[65, 86]"
113,"[65, 86]"
114,"[65, 86]"
115,"[25, 86]"
116,"[25, 86]"
117,"[25, 86]"
118,"[25, 74]"
119,"[25, 74]"
120,"[65, 59]"
121,[65]
122,[91]
123,[91]
124,[91]
125,[65]
126,[65]
127,"[75, 65]"
128,"[75, 65]"
129,"[75, 65]"
130,"[65, 75]"
131,"[65, 75]"
132,"[65, 14]"
133,"[65, 68]"
134,"[65, 14]"
135,"[65, 14]"
136,"[65, 14]"
137,[65]
138,[65]
139,[65]
140,"[91, 65]"
141,"[91, 65]"
142,[65]
143,[65]
144,[65]
145,[65]
146,"[91, 65]"
147,[91]
148,[65]
149,[65]
150,[25]
151,[65]
152,[65]
153,[65]
154,[65]
155,[65]
156,[3]
157,[65]
158,[91]
159,[91]
160,[65]
161,[55]
162,[3]
163,"[65, 22]"
164,"[65, 22]"
165,"[65, 22]"
166,"[65, 22]"
167,[65]
168,[65]
169,[65]
170,[65]
171,"[3, 14]"
172,"[96, 68]"
173,"[3, 68]"
174,"[26, 14]"
175,"[39, 78]"
176,"[65, 78]"
177,"[65, 78]"
178,"[96, 78]"
179,[96]
180,[39]
181,[39]
182,[27]
183,"[27, 99]"
184,"[96, 99]"
185,"[96, 99]"
186,[39]
187,[65]
188,[65]
189,[65]
190,[65]
191,[65]
192,[65]
193,[65]
194,[2]
195,[37]
196,[40]
197,[44]
198,[44]
199,[44]
200,"[44, 72]"
201,"[44, 72]"
202,"[44, 72]"
203,"[44, 72]"
204,"[72, 44]"
205,"[44, 72]"
206,[44]
207,[44]
208,[44]
209,[44]
210,[44]
211,[44]
212,[44]
213,"[44, 94]"
214,"[44, 93]"
215,"[41, 93]"
216,[41]
217,[41]
218,[41]
219,"[41, 39]"
220,"[41, 39]"
221,"[41, 39, 59]"
222,"[41, 39]"
223,"[41, 39]"
224,"[41, 59]"
225,"[41, 59]"
226,"[41, 59]"
227,"[44, 59]"
228,"[44, 59]"
229,"[41, 59]"
230,"[41, 59]"
231,"[41, 59]"
232,"[44, 65]"
233,"[44, 65]"
234,"[44, 65]"
235,"[41, 65]"
236,"[41, 65]"
237,"[44, 65]"
238,"[41, 65]"
239,"[41, 65]"
240,[41]
241,[44]
242,[41]
243,[41]
244,[41]
245,[41]
246,"[44, 94]"
247,"[41, 98]"
248,"[64, 94]"
249,"[41, 59]"
250,"[44, 59]"
251,"[96, 59]"
252,"[96, 59]"
253,[96]
254,[96]
255,[96]
256,[91]
257,[96]
258,[96]
259,[96]
260,[96]
261,[96]
262,[96]
263,[96]
264,[39]
265,[39]
266,[39]
267,[39]
268,[39]
269,[14]
270,[14]
271,[14]
272,[18]
273,[14]
274,[100]
275,[100]
276,[14]
277,[14]
278,[76]
279,[23]
280,[23]
281,[96]
282,[96]
283,[96]
284,[96]
285,[96]
286,[96]
287,[96]
288,[96]
289,[29]
290,[55]
291,[91]
292,[55]
293,[91]
294,[29]
295,[92]
296,[92]
297,[92]
298,[93]
299,[92]
300,[92]
301,[92]
302,[92]
303,[92]
304,[92]
305,[92]
306,[92]
307,[92]
308,[92]
309,[92]
310,[92]
311,[92]
312,[39]
313,[39]
314,[39]
315,[96]
316,[96]
317,[96]
318,[96]
319,[62]
320,[89]
321,[89]
322,[89]
323,[89]
324,[62]
325,[62]
326,"[89, 96]"
327,"[89, 96]"
328,"[89, 96]"
329,"[39, 96]"
330,"[72, 96]"
331,[72]
332,[65]
333,[39]
334,[26]
335,"[26, 3]"
336,"[26, 3]"
337,"[39, 3]"
338,"[3, 59]"
339,"[3, 89]"
340,"[3, 89]"
341,"[3, 89]"
342,"[3, 62]"
343,"[95, 96]"
344,[96]
345,[96]
346,[96]
347,[96]
348,[96]
349,[35]
350,[60]
351,[60]
352,[60]
353,"[60, 96]"
354,"[60, 96]"
355,"[60, 96]"
356,"[35, 96]"
357,"[27, 100]"
358,"[27, 100]"
359,"[86, 14]"
360,"[27, 14]"
361,"[27, 76]"
362,"[27, 14]"
363,[27]
364,[27]
365,"[27, 39]"
366,"[27, 92]"
367,"[27, 93]"
368,"[27, 92]"
369,"[41, 92]"
370,[41]
371,[41]
372,[41]
373,[27]
374,[27]
375,[27]
376,[27]
377,[27]
378,[60]
379,[27]
380,[67]
381,[67]
382,[67]
383,[39]
384,[39]
385,[39]
386,[39]
387,[90]
388,[90]
389,[90]
390,[90]
391,[38]
392,[38]
393,[38]
394,[38]
395,"[38, 100]"
396,"[38, 100]"
397,"[38, 14]"
398,"[38, 14]"
399,"[38, 76]"
400,"[38, 14]"
401,[38]
402,[38]
403,[38]
404,[38]
405,"[38, 89]"
406,"[38, 89]"
407,"[38, 89]"
408,"[38, 89]"
409,"[38, 62]"
410,[78]
411,[78]
412,[78]
413,[78]
414,[56]
415,[56]
416,[81]
417,[56]
418,"[56, 92]"
419,"[67, 92]"
420,"[92, 81]"
421,"[92, 66]"
422,"[92, 81]"
423,"[28, 92]"
424,"[28, 92]"
425,"[28, 92]"
426,[28]
427,[28]
428,[28]
429,[42]
430,[63]
431,[42]
432,[63]
433,"[63, 23]"
434,"[14, 96]"
435,"[14, 96]"
436,"[38, 23]"
437,"[66, 91]"
438,"[66, 96]"
439,"[66, 96]"
440,"[66, 96]"
441,"[38, 96]"
442,"[38, 39]"
443,"[38, 39]"
444,"[38, 39]"
445,"[49, 72]"
446,"[49, 72]"
447,"[65, 49]"
448,"[39, 49]"
449,[49]
450,[49]
451,[49]
452,"[90, 44]"
453,"[90, 44]"
454,"[90, 44, 59]"
455,"[90, 44, 59]"
456,"[82, 96]"
457,"[82, 96]"
458,"[82, 96]"
459,"[56, 96]"
460,"[56, 96]"
461,"[56, 96]"
462,"[56, 96]"
463,"[86, 96]"
464,"[86, 14]"
465,"[86, 14]"
466,"[86, 18]"
467,"[86, 14]"
468,"[86, 91]"
469,"[86, 65]"
470,"[30, 25]"
471,"[57, 3]"
472,"[30, 96]"
473,"[30, 3]"
474,"[44, 3]"
475,"[55, 96]"
476,"[55, 96, 59]"
477,"[44, 96, 59]"
478,"[17, 96]"
479,"[31, 44]"
480,"[31, 44]"
481,"[31, 44]"
482,"[79, 44]"
483,[79]
484,[79]
485,[55]
486,[55]
487,[55]
488,[55]
489,[55]
490,[58]
491,[58]
492,[58]
493,[58]
494,[58]
495,[78]
496,[69]
497,[69]
498,[69]
499,[78]
500,[62]
501,[62]
502,[62]
503,[62]
504,[86]
505,[86]
506,"[86, 41]"
507,"[86, 41]"
508,"[86, 41]"
509,"[17, 44]"
510,"[74, 44]"
511,[80]
512,[17]
513,[34]
514,[34]
515,[34]
516,[58]
517,[62]
518,[62]
519,[62]
520,[62]
521,[62]
522,[62]
523,"[3, 44]"
524,"[3, 44]"
525,"[3, 44]"
526,[33]
527,[33]
528,[33]
529,[33]
530,[33]
531,[22]
532,[66]
533,[22]
534,"[22, 27]"
535,[22]
536,"[22, 27]"
537,"[66, 27]"
538,"[66, 27]"
539,"[82, 27]"
540,"[82, 59]"
541,[82]
542,[82]
543,[74]
544,[74]
545,[74]
546,[74]
547,[74]
548,[74]
549,[74]
550,[22]
551,[66]
552,[66]
553,[66]
554,"[22, 27]"
555,"[66, 2]"
556,"[66, 40]"
557,"[66, 37]"
558,"[22, 60]"
559,[55]
560,"[55, 91]"
561,[55]
562,"[55, 91]"
563,"[55, 29]"
564,"[78, 29]"
565,[78]
566,[78]
567,[78]
568,[78]
569,[86]
570,[86]
571,[86]
572,[70]
573,[70]
574,[70]
575,[53]
576,[53]
577,[53]
578,[84]
579,"[63, 91]"
580,"[58, 91]"
581,"[58, 91]"
582,"[58, 91]"
583,"[82, 65]"
584,"[58, 65]"
585,"[58, 65]"
586,"[56, 65]"
587,[56]
588,[56]
589,[56]
590,[56]
591,[22]
592,[22]
593,[66]
594,"[22, 65]"
595,"[22, 65]"
596,"[66, 65]"
597,"[22, 65]"
598,"[66, 25]"
599,"[22, 25]"
600,"[31, 25]"
601,"[25, 31]"
602,"[65, 31]"
603,"[25, 31]"
604,"[31, 65]"
605,"[31, 65]"
606,"[44, 65]"
607,"[86, 65]"
608,"[44, 65]"
609,"[27, 65]"
610,"[27, 65]"
611,"[27, 65]"
612,"[27, 59]"
613,[27]
614,[1]
615,[91]
616,[91]
617,[1]
618,[1]
619,[58]
620,"[58, 3]"
621,[1]
622,[27]
623,[44]
624,[38]
625,[51]
626,[71]
627,[3]
628,[28]
629,[19]
630,[22]
631,[67]
632,[71]
633,[96]
634,"[47, 27]"
635,"[65, 27]"
636,"[65, 96]"
637,"[71, 96]"
638,"[75, 39]"
639,"[14, 39]"
640,"[34, 65]"
641,"[65, 63]"
642,"[65, 34]"
643,"[50, 65]"
644,"[92, 65]"
645,"[20, 65]"
646,"[27, 65]"
647,"[94, 39]"
648,"[27, 65]"
649,"[78, 65]"
650,"[27, 65]"
651,"[64, 39]"
652,"[71, 65]"
653,"[47, 65]"
654,"[82, 65]"
655,"[56, 65]"
656,"[67, 39]"
657,"[28, 65]"
658,"[58, 65]"
659,[65]
660,"[90, 65]"
661,"[56, 65]"
662,"[59, 39]"
663,[6]
664,[12]
665,[12]
666,[64]
667,[4]
668,[11]
669,"[11, 65]"
670,"[11, 65]"
671,"[5, 65]"
672,"[5, 65]"
673,"[5, 65]"
674,"[10, 65]"
675,"[10, 65]"
676,"[13, 65]"
677,"[9, 39]"
678,[39]
679,[39]
680,[39]
681,[39]
682,[39]
683,[39]
684,[39]
685,"[35, 39]"
686,"[78, 39]"
687,"[35, 39]"
688,[78]
689,[78]
690,[35]
691,[78]
692,[78]
693,[78]
694,[35]
695,[78]
696,[78]
697,[78]
698,[91]
699,[91]
700,[96]
701,[91]
702,[96]
703,[96]
704,[96]
705,[39]
706,[39]
707,[39]
708,[39]
709,[39]
710,[39]
711,[39]
712,[39]
713,[39]
714,[39]
715,[39]
716,[39]
717,[39]
718,[39]
719,[39]
720,[39]
721,[39]
722,[74]
723,[74]
724,[39]
725,[56]
726,[56]
727,"[56, 1]"
728,"[22, 1]"
729,"[66, 1]"
730,"[66, 1]"
731,"[22, 39]"
732,"[22, 27]"
733,"[71, 39]"
734,[71]
735,[71]
736,[71]
737,[71]
738,[71]
739,[71]
740,[71]
741,[71]
742,[71]
743,[71]
744,[71]
745,[71]
746,[71]
747,[71]
748,[71]
749,[71]
750,[71]
751,[71]
752,[71]
753,[71]
754,[71]
755,[71]
756,[71]
757,[71]
758,[71]
759,[71]
760,[71]
761,[71]
762,[71]
763,[71]
764,[71]
765,[71]
766,[71]
767,[71]
768,[71]
769,[71]
770,[71]
771,[28]
772,[28]
773,[71]
774,[71]
775,[71]
776,[28]
777,[71]
778,[71]
779,[71]
780,[71]
781,[71]
782,[71]
783,[71]
784,"[71, 63]"
785,"[71, 42]"
786,"[71, 63]"
787,"[71, 63]"
788,"[71, 42, 59]"
789,"[71, 42]"
790,[71]
791,[71]
792,[71]
793,[71]
794,[71]
795,[71]
796,[71]
797,[71]
798,[71]
799,[71]
800,[19]
801,[19]
802,[19]
803,[19]
804,[19]
805,[19]
806,[19]
807,"[19, 66]"
808,"[19, 66]"
809,"[19, 66]"
810,"[71, 66]"
811,"[71, 90]"
812,"[71, 90]"
813,"[71, 90]"
814,"[71, 90]"
815,[71]
816,[71]
817,[71]
818,[71]
819,[71]
820,"[71, 74]"
821,"[71, 74]"
822,"[71, 74]"
823,[71]
824,[71]
825,[71]
826,"[71, 74]"
827,[71]
828,[71]
829,[71]
830,[71]
831,"[71, 79]"
832,"[71, 79]"
833,"[71, 79]"
834,"[71, 56]"
835,"[71, 81]"
836,"[46, 56]"
837,"[46, 82]"
838,"[46, 82]"
839,"[46, 82]"
840,"[46, 62]"
841,"[46, 62]"
842,"[46, 62]"
843,[82]
844,[82]
845,[82]
846,[82]
847,"[82, 31]"
848,"[82, 31]"
849,"[82, 31]"
850,"[53, 66]"
851,"[53, 22]"
852,"[50, 22]"
853,"[53, 22]"
854,[47]
855,[47]
856,[47]
857,"[47, 33]"
858,"[47, 33]"
859,"[47, 59]"
860,"[82, 66]"
861,"[82, 66]"
862,"[82, 22]"
863,"[82, 34]"
864,"[82, 34]"
865,"[82, 34]"
866,[47]
867,[47]
868,[47]
869,[47]
870,[50]
871,[50]
872,[50]
873,[50]
874,[50]
875,[82]
876,"[82, 22, 59]"
877,"[82, 22, 59]"
878,"[82, 66]"
879,"[22, 82]"
880,"[71, 59]"
881,"[50, 59]"
882,"[50, 59]"
883,[74]
884,[55]
885,[101]
886,[101]
887,[101]
888,[32]
889,[32]
890,"[32, 86]"
891,"[32, 86]"
892,"[32, 86]"
893,"[53, 86]"
894,"[50, 86]"
895,"[50, 56]"
896,"[53, 56]"
897,"[53, 56]"
898,"[63, 56]"
899,[50]
900,[53]
901,[50]
902,[50]
903,[50]
904,[50]
905,"[50, 28]"
906,"[50, 28]"
907,"[50, 28]"
908,[78]
909,[78]
910,"[78, 49]"
911,"[78, 49]"
912,"[78, 49]"
913,[33]
914,[33]
915,[33]
916,[33]
917,[50]
918,[50]
919,[50]
920,[50]
921,[50]
922,[50]
923,[50]
924,"[31, 28]"
925,"[31, 34]"
926,"[31, 28]"
927,[31]
928,[31]
929,[87]
930,[54]
931,[54]
932,[78]
933,"[78, 58]"
934,"[54, 58]"
935,"[53, 58]"
936,"[88, 63]"
937,"[53, 81]"
938,"[53, 66]"
939,"[53, 81]"
940,"[67, 53]"
941,[27]
942,[27]
943,[47]
944,[47]
945,[96]
946,[96]
947,[65]
948,[65]
949,[65]
950,[65]
951,[65]
952,[65]
953,[1]
954,"[1, 70]"
955,"[1, 70]"
956,"[23, 70]"
957,[25]
958,[25]
959,[55]
960,"[55, 56]"
961,"[55, 56]"
962,"[55, 56]"
963,"[55, 56]"
964,"[55, 56]"
965,"[55, 22]"
966,"[55, 66]"
967,"[55, 22]"
968,"[91, 22]"
969,[91]
970,[91]
971,[79]
972,[79]
973,[27]
974,"[27, 59]"
975,"[27, 59]"
976,[59]
977,"[30, 59]"
978,"[62, 59]"
979,"[30, 59]"
980,"[62, 59]"
981,"[55, 59]"
982,"[62, 59]"
983,"[30, 59]"
984,"[62, 38]"
985,"[30, 38]"
986,"[62, 38]"
987,"[55, 38]"
988,"[62, 38]"
989,"[43, 38]"
990,"[43, 38]"
991,"[43, 38]"
992,"[43, 38, 59]"
993,"[43, 38, 59]"
994,"[43, 38, 59]"
995,"[43, 38, 59]"
996,"[43, 38, 59]"
997,"[27, 38]"
998,"[27, 38]"
999,"[27, 38]"
1000,"[27, 38]"
1001,"[43, 38]"
1002,"[43, 38]"
1003,"[43, 78]"
1004,"[43, 78]"
1005,"[43, 78]"
1006,"[43, 78, 59]"
1007,"[43, 59, 14]"
1008,"[43, 38]"
1009,"[43, 14]"
1010,"[43, 38]"
1011,"[43, 38]"
1012,"[69, 38]"
1013,"[69, 38]"
1014,"[69, 55]"
1015,"[78, 55]"
1016,"[78, 44]"
1017,"[78, 44]"
1018,"[78, 31]"
1019,"[43, 17]"
1020,"[38, 17]"
1021,"[38, 17]"
1022,"[38, 17]"
1023,[38]
1024,[38]
1025,[43]
1026,[43]
1027,[64]
1028,[64]
1029,[64]
1030,[64]
1031,"[64, 56]"
1032,"[29, 58]"
1033,"[29, 58]"
1034,"[29, 58]"
1035,"[29, 58]"
1036,"[29, 58]"
1037,"[29, 69]"
1038,"[29, 69]"
1039,"[29, 69]"
1040,"[29, 78]"
1041,"[29, 78]"
1042,"[29, 74]"
1043,"[29, 80]"
1044,"[26, 17]"
1045,"[26, 17]"
1046,[26]
1047,[26]
1048,[55]
1049,[89]
1050,[55]
1051,[89]
1052,[55]
1053,[29]
1054,[55]
1055,[100]
1056,"[29, 53]"
1057,"[29, 53]"
1058,"[55, 84]"
1059,"[100, 53]"
1060,"[29, 64]"
1061,"[69, 64]"
1062,[69]
1063,[69]
1064,"[69, 58]"
1065,"[78, 58]"
1066,"[86, 58]"
1067,"[86, 58]"
1068,"[86, 58]"
1069,"[86, 20]"
1070,[86]
1071,[86]
1072,[86]
1073,[86]
1074,[78]
1075,[78]
1076,"[78, 58]"
1077,"[43, 58]"
1078,"[43, 58]"
1079,"[43, 58]"
1080,"[43, 66]"
1081,"[43, 31]"
1082,"[43, 31]"
1083,"[69, 31]"
1084,"[97, 31]"
1085,"[97, 31]"
1086,"[69, 24]"
1087,"[69, 24]"
1088,"[69, 70]"
1089,"[97, 70]"
1090,"[97, 70]"
1091,"[69, 24]"
1092,"[69, 24]"
1093,"[86, 78]"
1094,"[86, 78]"
1095,"[86, 78]"
1096,"[86, 78]"
1097,"[86, 78]"
1098,"[86, 78]"
1099,"[86, 78]"
1100,"[86, 78]"
1101,[86]
1102,[28]
1103,[61]
1104,[28]
1105,[34]
1106,[28]
1107,[28]
1108,[61]
1109,[28]
1110,[34]
1111,[28]
1112,[28]
1113,[56]
1114,[56]
1115,[56]
1116,"[56, 19]"
1117,"[56, 19]"
1118,"[72, 19]"
1119,"[72, 19]"
1120,"[92, 19]"
1121,"[92, 74]"
1122,"[45, 74]"
1123,"[94, 74]"
1124,"[98, 74]"
1125,"[45, 74]"
1126,"[8, 100]"
1127,"[55, 100]"
1128,"[55, 100]"
1129,"[55, 100]"
1130,"[55, 100]"
1131,"[55, 100]"
1132,"[94, 100]"
1133,"[98, 64]"
1134,"[94, 64]"
1135,"[66, 64]"
1136,"[101, 89]"
1137,"[101, 69]"
1138,"[66, 69]"
1139,"[7, 69]"
1140,"[27, 58]"
1141,"[67, 58]"
1142,"[67, 58]"
1143,"[27, 58]"
1144,"[27, 0]"
1145,"[67, 58]"
1146,"[67, 58]"
1147,"[27, 58]"
1148,"[56, 58]"
1149,"[56, 28]"
1150,"[56, 34]"
1151,"[56, 34]"
1152,"[56, 34]"
1153,"[56, 63]"
1154,"[56, 34]"
1155,"[56, 26]"
1156,"[56, 64]"
1157,"[56, 26]"
1158,"[56, 26]"
1159,"[56, 26]"
1160,"[56, 58]"
1161,"[56, 58]"
1162,"[56, 58]"
1163,[56]
1164,"[56, 64]"
1165,"[56, 64]"
1166,"[86, 64]"
1167,"[86, 27]"
1168,"[86, 14]"
1169,"[86, 14]"
1170,"[86, 14]"
1171,"[86, 14]"
1172,"[86, 14]"
1173,"[86, 92]"
1174,"[74, 72]"
1175,"[74, 94]"
1176,"[74, 72]"
1177,"[75, 100]"
1178,"[75, 100]"
1179,"[75, 100]"
1180,"[75, 100]"
1181,"[75, 100]"
1182,"[14, 52]"
1183,"[14, 52]"
1184,"[68, 52]"
1185,"[14, 48]"
1186,"[14, 22]"
1187,"[14, 22]"
1188,"[68, 22]"
1189,"[14, 22]"
1190,[65]
1191,[65]
1192,[65]
1193,[65]
1194,[65]
1195,[65]
1196,[65]
1197,[22]
1198,[22]
1199,[22]
1200,[22]
1201,[22]
1202,[22]
1203,[22]
1204,[14]
1205,[14]
1206,[68]
1207,[68]
1208,[78]
1209,[78]
1210,[78]
1211,[78]
1212,[99]
1213,[99]
1214,"[99, 59]"
1215,"[14, 59]"
1216,"[74, 59]"
1217,"[68, 59]"
1218,"[14, 59]"
1219,[72]
1220,[72]
1221,[72]
1222,[72]
1223,[72]
1224,[72]
1225,[72]
1226,[72]
1227,[72]
1228,[72]
1229,[72]
1230,[72]
1231,[14]
1232,[75]
1233,[14]
1234,[93]
1235,[94]
1236,[93]
1237,[93]
1238,[94]
1239,[93]
1240,[93]
1241,[93]
1242,[94]
1243,[93]
1244,[39]
1245,[39]
1246,[39]
1247,[39]
1248,[39]
1249,[65]
1250,[65]
1251,"[65, 31]"
1252,"[65, 31]"
1253,"[65, 31]"
1254,"[65, 31]"
1255,[65]
1256,[65]
1257,[59]
1258,[59]
1259,"[94, 84]"
1260,"[94, 84]"
1261,"[98, 17]"
1262,"[94, 17]"
1263,"[27, 17]"
1264,"[67, 51]"
1265,"[67, 72]"
1266,"[27, 14]"
1267,"[29, 14]"
1268,"[29, 68]"
1269,"[29, 68]"
1270,"[91, 14]"
1271,"[91, 14]"
1272,[91]
1273,[91]
1274,[55]
1275,[55]
1276,[55]
1277,[55]
1278,[25]
1279,[25]
1280,[25]
1281,[55]
1282,[55]
1283,"[55, 100]"
1284,"[25, 51]"
1285,"[25, 97]"
1286,[25]
1287,[25]
1288,[91]
1289,[1]
1290,[1]
1291,[1]
1292,[1]
1293,[1]
1294,[1]
1295,[1]
1296,"[1, 72]"
1297,"[55, 16]"
1298,"[55, 16]"
1299,"[55, 14]"
1300,"[55, 14]"
1301,"[60, 14]"
1302,[89]
1303,"[89, 14]"
1304,"[89, 14]"
1305,"[89, 14]"
1306,"[89, 14]"
1307,[89]
1308,[89]
1309,[89]
1310,[89]
1311,"[89, 97]"
1312,"[89, 97]"
1313,"[89, 97]"
1314,"[89, 97]"
1315,[89]
1316,"[89, 97]"
1317,"[89, 97]"
1318,"[89, 97]"
1319,"[89, 97]"
1320,[89]
1321,[49]
1322,[91]
1323,[49]
1324,[49]
1325,[91]
1326,[49]
1327,[55]
1328,[55]
1329,[55]
1330,[55]
1331,[55]
1332,[55]
1333,[63]
1334,[63]
1335,[63]
1336,[55]
1337,[55]
1338,[55]
1339,[55]
1340,[1]
1341,[1]
1342,[1]
1343,[91]
1344,[1]
1345,[63]
1346,[91]
1347,[91]
1348,[91]
1349,[91]
1350,[91]
1351,"[91, 59]"
1352,[63]
1353,"[1, 73]"
1354,"[1, 73]"
1355,"[1, 73]"
1356,"[63, 73]"
1357,"[63, 73]"
1358,[63]
1359,[63]
1360,"[69, 59]"
1361,"[69, 59]"
1362,"[69, 59]"
1363,"[69, 59]"
1364,[69]
1365,[69]
1366,[69]
1367,[69]
1368,[69]
1369,"[69, 59]"
1370,"[69, 59]"
1371,"[69, 59]"
1372,[1]
1373,[1]
1374,[1]
1375,[91]
1376,[91]
1377,[91]
1378,[91]
1379,[91]
1380,[97]
1381,[59]
1382,[59]
1383,[59]
1384,[59]
1385,[59]
1386,[59]
1387,[59]
1388,[59]
1389,[59]
1390,[59]
1391,[14]
1392,[14]
1393,[59]
1394,[59]
1395,[59]
1396,[59]
1397,[59]
1398,[59]
1399,[59]
1400,[21]
1401,[21]
1402,[68]
1403,[27]
1404,[21]
1405,[27]
1406,[27]
1407,[27]
1408,[89]
1409,[89]
1410,[89]
1411,[89]
1412,[89]
1413,[65]
1414,[65]
1415,[65]
1416,[65]
1417,[65]
1418,[74]
1419,[74]
1420,[74]
1421,[74]
1422,[74]
1423,[74]
1424,[74]
1425,[3]
1426,[3]
1427,[3]
1428,[92]
1429,[72]
1430,[92]
1431,[92]
1432,[3]
1433,"[3, 58]"
1434,"[3, 58]"
1435,"[33, 58]"
1436,"[33, 27]"
1437,[59]
1438,[59]
1439,[59]
1440,[59]
1441,[59]
1442,[59]
1443,[14]
1444,[59]
1445,[59]
1446,[59]
1447,[59]
1448,[59]
1449,[59]
1450,[59]
1451,[59]
1452,[59]
1453,[59]
1454,[59]
1455,[56]
1456,[100]
1457,[100]
1458,[100]
1459,[100]
1460,[100]
1461,[3]
1462,[19]
1463,[96]
1464,[65]
1465,[65]
1466,[75]
1467,[20]
1468,[49]
1469,[74]
1470,[34]
1471,[75]
1472,[35]
1473,[99]
1474,[76]
1475,[72]
1476,[48]
1477,[19]
1478,[34]
1479,[77]
1480,[3]
1481,[27]
1482,[59]
1483,[28]
1484,[60]
1485,[59]
1486,[71]
1487,[100]
1488,[76]
1489,[29]
1490,[77]
1491,[44]
1492,[27]
1493,[76]
1494,[72]
1495,[74]
1496,[49]
1497,[93]
1498,[17]
1499,[16]
1500,[62]
1501,[47]
1502,[17]
1503,[78]
1504,[35]
1505,[78]
1506,[78]
1507,[78]
1508,[35]
1509,[78]
1510,[78]
1511,[78]
1512,[35]
1513,[78]
1514,[78]
1515,[35]
1516,[39]
1517,[39]
1518,[39]
1519,[39]
1520,[39]
1521,[39]
1522,[39]
1523,[39]
1524,[39]
1525,[39]
1526,[39]
1527,[39]
1528,[39]
1529,[39]
1530,[39]
1531,[39]
1532,[15]
1533,[1]
1534,[1]
1535,[1]
1536,[27]
1537,[27]
1538,[27]
1539,[27]
1540,[27]
1541,[59]
1542,[59]
1543,[59]
1544,[59]
1545,[59]
1546,[59]
1547,[59]
1548,[59]
1549,[59]
1550,[59]
1551,[59]
1552,[59]
1553,[59]
1554,[59]
1555,[59]
1556,[59]
1557,[59]
1558,[59]
1559,[59]
1560,[59]
1561,[71]
1562,[71]
1563,[71]
1564,[28]
1565,[71]
1566,[71]
1567,[71]
1568,[71]
1569,[71]
1570,[71]
1571,[71]
1572,[71]
1573,[71]
1574,[71]
1575,[71]
1576,[71]
1577,[71]
1578,[71]
1579,[71]
1580,[71]
1581,[71]
1582,[71]
1583,[71]
1584,[71]
1585,[71]
1586,[71]
1587,[71]
1588,[71]
1589,[71]
1590,[71]
1591,[71]
1592,[71]
1593,[71]
1594,[19]
1595,[19]
1596,[19]
1597,[71]
1598,[71]
1599,[46]
1600,[46]
1601,[46]
1602,[46]
1603,[71]
1604,[71]
1605,[71]
1606,[71]
1607,[71]
1608,[46]
1609,[46]
1610,[46]
1611,[71]
1612,[71]
1613,[71]
1614,[71]
1615,[71]
1616,[71]
1617,[71]
1618,[71]
1619,[71]
1620,[71]
1621,[19]
1622,[19]
1623,[19]
1624,[19]
1625,[19]
1626,[71]
1627,[71]
1628,[71]
1629,[28]
1630,[71]
1631,[71]
1632,[71]
1633,[71]
1634,[71]
1635,[47]
1636,[47]
1637,[47]
1638,[47]
1639,[47]
1640,[47]
1641,[47]
1642,[47]
1643,[47]
1644,[47]
1645,[88]
1646,[53]
1647,[53]
1648,[53]
1649,[53]
1650,[32]
1651,[32]
1652,[32]
1653,[32]
1654,[32]
1655,[33]
1656,[33]
1657,[33]
1658,[33]
1659,[31]
1660,[31]
1661,[31]
1662,[31]
1663,[31]
1664,[82]
1665,[82]
1666,[82]
1667,[82]
1668,[82]
1669,[82]
1670,[82]
1671,[82]
1672,[82]
1673,[82]
1674,[82]
1675,[50]
1676,[50]
1677,[50]
1678,[50]
1679,[50]
1680,[50]
1681,[50]
1682,[50]
1683,[50]
1684,[53]
1685,[53]
1686,[63]
1687,[50]
1688,[53]
1689,[53]
1690,[78]
1691,[78]
1692,[78]
1693,[78]
1694,[78]
1695,[87]
1696,[54]
1697,[78]
1698,[78]
1699,[54]
1700,[54]
1701,[50]
1702,[50]
1703,[50]
1704,[50]
1705,[53]
1706,[50]
1707,[53]
1708,[50]
1709,[50]
1710,[50]
1711,[50]
1712,[50]
1713,[50]
1714,[50]
1715,[88]
1716,[53]
1717,[53]
1718,[53]
1719,[53]
1720,[27]
1721,[27]
1722,[47]
1723,[47]
1724,[27]
1725,[27]
1726,[27]
1727,[62]
1728,[30]
1729,[62]
1730,[55]
1731,[62]
1732,[30]
1733,[29]
1734,[29]
1735,[29]
1736,[29]
1737,[29]
1738,[29]
1739,[89]
1740,[55]
1741,[89]
1742,[55]
1743,[55]
1744,[55]
1745,[100]
1746,[29]
1747,[29]
1748,[26]
1749,[26]
1750,[26]
1751,[26]
1752,[61]
1753,[28]
1754,[43]
1755,[43]
1756,[43]
1757,[43]
1758,[43]
1759,[69]
1760,[69]
1761,[69]
1762,[43]
1763,[43]
1764,[43]
1765,[78]
1766,[29]
1767,[29]
1768,[29]
1769,[29]
1770,[29]
1771,[29]
1772,[43]
1773,[43]
1774,[43]
1775,[43]
1776,[43]
1777,[43]
1778,[43]
1779,[43]
1780,[59]
1781,[59]
1782,[59]
1783,[59]
1784,[59]
1785,[59]
1786,[59]
1787,[59]
1788,[59]
1789,[59]
1790,[59]
1791,[59]
1792,[59]
1793,[59]
1794,[59]
1795,[59]
1796,[59]
1797,[59]
1798,[59]
1799,[59]
1800,[59]
1801,[59]
1802,[59]
1803,[59]
1804,[59]
1805,[59]
1806,[59]
1807,[59]
1808,[59]
1809,[59]
1810,[59]
1811,[59]
1812,[59]
1813,[59]
1814,[59]
1815,[59]
1816,[59]
1817,[59]
1818,[59]
1819,[59]
1820,[59]
1821,[59]
1822,[59]
1823,[59]
1824,[59]
1825,[59]
1826,[59]
1827,[59]
1828,[59]
1829,[59]
1830,[59]
1831,[59]
1832,[59]
1833,[59]
1834,[59]
1835,[59]
1836,[59]
1837,[59]
1838,[59]
1839,[59]
1840,[59]
1841,[59]
1842,[59]
1843,[59]
1844,[59]
1845,[59]
1846,[59]
1847,[59]
1848,[59]
1849,[59]
1850,[59]
1851,[59]
1852,[59]
1853,[59]
1854,[59]
1855,[59]
1856,[59]
1857,[59]
1858,[59]
1859,[59]
1860,[59]
1861,[59]
1862,[59]
1863,[59]
1864,[59]
1865,[59]
1866,[59]
1867,[59]
1868,[59]
1869,[59]
1870,[59]
1871,[59]
1872,[59]
1873,[59]
1874,[59]
1875,[59]
1876,[59]
1877,[36]
1878,[36]
1879,[27]
1880,[36]
1881,[36]
1882,[27]
1883,[27]
1884,[27]
1885,[101]
1886,[101]
1887,[66]
1888,[66]
1889,[65]
1890,[65]
1891,[65]
1892,[65]
1893,[65]
1894,[65]
1895,[65]
1896,[65]
1897,[65]
1898,[65]
1899,[65]
1900,[65]
1901,[65]
1902,[65]
1903,[3]
1904,[3]
1905,[3]
1906,[3]
1907,[3]
1908,[3]
1909,[59]
1910,"[30, 59]"
1911,"[30, 59]"
1912,"[30, 59]"
1913,[30]
1914,"[62, 59]"
1915,"[62, 59]"
1916,"[62, 59]"
1917,[62]
1918,"[66, 59]"
1919,"[66, 59]"
1920,[66]
1921,[59]
1922,[59]
1923,[59]
1924,[59]
1925,[59]
1926,[59]
1927,[59]
1928,[59]
1929,[59]
1930,[59]
1931,[59]
1932,[59]
1933,[59]
1934,[97]
1935,[97]
1936,[97]
1937,[59]
1938,[59]
1939,[59]
1940,[74]
1941,[59]
1942,[59]
1943,[59]
1944,[59]
1945,[59]
1946,[59]
1947,[59]
1948,[59]
1949,[59]
1950,[59]
1951,[59]
1952,[59]
1953,[59]
1954,[78]
1955,[78]
1956,[78]
1957,[78]
1958,[30]
1959,[30]
1960,[30]
1961,[30]
1962,[59]
1963,[59]
1964,[59]
1965,[59]
1966,[59]
1967,[59]
1968,[59]
1969,[59]
1970,[59]
1971,[59]
1972,[59]
1973,[59]
1974,[59]
1975,[59]
1976,[59]
1977,[59]
1978,[59]
1979,[100]
1980,[45]
1981,[45]
1982,[45]
1983,[27]
1984,[100]
1985,[100]
1986,[100]
1987,[100]
1988,[100]
1989,[96]
1990,[96]
1991,[96]
1992,[96]
1993,[96]
1994,[77]
1995,[77]
1996,[77]
1997,[77]
1998,[59]
1999,[59]
2000,[20]
2001,[20]
2002,[20]
2003,[20]
2004,[20]
2005,"[22, 59]"
2006,"[22, 59]"
2007,[22]
2008,[21]
2009,[68]
2010,[27]
2011,[21]
2012,[21]
2013,"[28, 59]"
2014,"[28, 59]"
2015,"[28, 59]"
2016,"[28, 59]"
2017,[28]
2018,[89]
2019,[100]
2020,[100]
2021,[29]
2022,[29]
2023,"[71, 59]"
2024,"[71, 59]"
2025,"[71, 59]"
2026,[71]
2027,"[71, 59]"
2028,[71]
2029,[71]
2030,[71]
2031,"[71, 59]"
2032,"[71, 59]"
2033,"[71, 59]"
2034,[71]
2035,"[82, 59]"
2036,"[82, 59]"
2037,"[82, 59]"
2038,"[82, 59]"
2039,"[82, 59]"
2040,[82]
2041,"[101, 59]"
2042,"[101, 59]"
2043,[101]
2044,"[71, 59]"
2045,"[71, 59]"
2046,"[71, 59]"
2047,[71]
2048,[71]
2049,[67]
2050,[67]
2051,[67]
2052,"[33, 59]"
2053,"[33, 59]"
2054,[33]
2055,[43]
2056,[43]
2057,[43]
2058,[43]
2059,[43]
2060,[43]
2061,[69]
2062,[69]
2063,[69]
2064,[69]
2065,[69]
2066,"[72, 59]"
2067,"[72, 59]"
2068,"[72, 59]"
2069,[72]
2070,[55]
2071,[55]
2072,[55]
2073,[55]
2074,[55]
2075,"[14, 59]"
2076,"[14, 59]"
2077,"[14, 59]"
2078,[14]
2079,"[14, 59]"
2080,"[14, 59]"
2081,[14]
2082,"[3, 59]"
2083,"[3, 59]"
2084,"[3, 59]"
2085,[3]
2086,"[41, 59]"
2087,"[41, 59]"
2088,"[41, 59]"
2089,"[41, 59]"
2090,"[41, 59]"
2091,[41]
2092,"[65, 59]"
2093,[65]
2094,[65]
2095,[65]
2096,[65]
2097,[65]
2098,[65]
2099,[65]
2100,[65]
2101,"[39, 59]"
2102,[72]
2103,[72]
2104,[72]
2105,"[28, 59]"
2106,"[28, 59]"
2107,[75]
2108,[59]
2109,[59]
2110,[59]
2111,[59]
2112,[59]
2113,[59]
2114,[59]
2115,[86]
2116,[59]
2117,[17]
2118,[17]
2119,[17]
2120,[17]
2121,[17]
2122,[59]
2123,[59]
2124,[59]
2125,[59]
2126,[59]
2127,[59]
2128,[59]
2129,[14]
2130,[59]
2131,[59]
2132,[59]
2133,[59]
2134,[59]
2135,[59]
2136,[59]
2137,[59]
2138,[59]
2139,[59]
2140,[74]
2141,"[96, 59]"
2142,"[96, 59]"
2143,"[96, 59]"
2144,"[96, 59]"
2145,[96]
2146,[59]
2147,[59]
2148,"[96, 59]"
2149,[59]
2150,[59]
2151,[59]
2152,[59]
2153,[59]
2154,[59]
2155,[59]
2156,[59]
2157,[59]
2158,[59]
2159,[59]
2160,[59]
2161,[59]
2162,[59]
2163,[59]
2164,[59]
2165,[59]
2166,[59]
2167,[59]
2168,[59]
2169,[59]
2170,[59]
2171,[59]
2172,[59]
2173,[59]
2174,[59]
2175,[59]
2176,[59]
2177,[59]
2178,[59]
2179,[59]
2180,[59]
2181,[59]
2182,[59]
2183,[59]
2184,[59]
2185,[59]
2186,[59]
2187,[59]
2188,[59]
2189,[59]
2190,[59]
2191,[59]
2192,[59]
2193,[59]
2194,[59]
2195,[59]
2196,[59]
2197,[59]
2198,[59]
2199,[59]
2200,[59]
2201,[59]
2202,[59]
2203,[59]
2204,[59]
2205,[59]
2206,[59]
2207,[59]
2208,[59]
2209,[59]
2210,[59]
2211,[59]
2212,[59]
2213,[59]
2214,[59]
2215,[59]
2216,[59]
2217,[59]
2218,[59]
2219,[59]
2220,[59]
2221,[59]
2222,[59]
2223,[59]
2224,[59]
2225,[59]
2226,[59]
2227,[59]
2228,[59]
2229,[59]
2230,[59]
2231,[59]
2232,[59]
2233,[59]
2234,[59]
2235,[59]
2236,[59]
2237,[59]
2238,[59]
2239,[59]
2240,[59]
2241,[59]
2242,[59]
2243,[59]
2244,[59]
2245,[59]
2246,[59]
2247,[59]
2248,[59]
2249,[59]
2250,[14]
2251,[14]
2252,[14]
2253,[14]
2254,[74]
2255,[74]
2256,[59]
2257,[59]
2258,[59]
2259,[59]
2260,[59]
2261,[59]
2262,[59]
2263,[59]
2264,[59]
2265,[59]
2266,[59]
2267,[59]
2268,[59]
2269,[59]
2270,[59]
2271,[59]
2272,[59]
2273,[59]
2274,[59]
2275,[59]
2276,[59]
2277,[59]
2278,[59]
2279,[59]
2280,[59]
2281,[59]
2282,[83]
2283,[74]
2284,[74]
2285,[74]
2286,[59]
2287,[59]
2288,[59]
2289,[59]
2290,[59]
2291,[59]
2292,[59]
2293,[59]
2294,[59]
2295,[59]
2296,[59]
2297,[59]
2298,[59]
2299,[59]
2300,[59]
2301,[59]
2302,[59]
2303,[59]
2304,[59]
2305,[59]
2306,[59]
2307,[59]
2308,[59]
2309,[59]
2310,[59]
2311,[59]
2312,[59]
2313,[59]
2314,[59]
2315,[77]
2316,[77]
2317,[59]
2318,[100]
2319,[100]
2320,[59]
2321,[59]
2322,[59]
2323,[59]
2324,[59]
2325,[59]
2326,[59]
2327,[59]
2328,[59]
2329,[59]
2330,[66]
2331,[91]
2332,[66]
2333,[59]
2334,[59]
2335,[59]
2336,[59]
2337,[59]
2338,[59]
2339,[59]
2340,[59]
2341,[59]
2342,[59]
2343,[59]
2344,[59]
2345,[59]
2346,[59]
2347,[59]
2348,[59]
2349,[59]
2350,[59]
2351,[59]
2352,[59]
2353,[59]
2354,[59]
2355,[59]
2356,[59]
2357,[59]
2358,[59]
2359,[59]
2360,[59]
2361,[59]
2362,[59]
2363,[59]
2364,[59]
2365,[59]
2366,[65]
2367,[65]
2368,[65]
2369,[59]
2370,[59]
2371,[59]
2372,[59]
2373,[59]
2374,[59]
2375,[59]
2376,[59]
2377,[66]
2378,[66]
2379,[66]
2380,[67]
2381,[59]
2382,[59]
2383,[59]
2384,[59]
2385,[59]
2386,[59]
2387,[59]
2388,[59]
2389,[59]
2390,[59]
2391,[59]
2392,[59]
2393,[3]
2394,[3]
2395,[3]
2396,[74]
2397,[74]
2398,[74]
2399,[19]
2400,[19]
2401,[19]
2402,[19]
2403,[65]
2404,[65]
2405,[65]
2406,[65]
2407,[65]
2408,[65]
2409,[59]
2410,[59]
2411,[59]
2412,[59]
2413,[59]
2414,[59]
2415,[59]
2416,[59]
2417,[59]
2418,[59]
2419,[59]
2420,[59]
2421,[59]
2422,[59]
2423,[59]
2424,[59]
2425,[59]
2426,[59]
2427,[59]
2428,[74]
2429,[34]
2430,[59]
2431,[59]
2432,[59]
2433,[59]
2434,[59]
2435,[59]
2436,[59]
2437,[59]
2438,[59]
2439,[59]
2440,[59]
2441,[59]
2442,[59]
2443,[59]
2444,[59]
2445,[59]
2446,[59]
2447,[59]
2448,[59]
2449,[59]
2450,[59]
2451,[59]
2452,[75]
2453,[75]
2454,[35]
2455,[35]
2456,[74]
2457,[74]
2458,[76]
2459,[76]
2460,[76]
2461,[59]
2462,[59]
2463,[19]
2464,[19]
2465,[59]
2466,[59]
2467,[59]
2468,[59]
2469,[59]
2470,[59]
2471,[59]
2472,[59]
2473,[59]
2474,"[34, 59]"
2475,"[34, 59]"
2476,[34]
2477,[77]
2478,[77]
2479,[44]
2480,[44]
2481,[100]
2482,[59]
2483,[59]
2484,[71]
2485,[71]
2486,[76]
2487,[76]
2488,[60]
2489,[86]
2490,[86]
2491,[86]
2492,[76]
2493,[76]
2494,[47]
2495,[47]
2496,[94]
2497,[94]
2498,[93]
2499,[77]
2500,[77]
2501,[49]
2502,[49]
2503,[62]
2504,[62]
2505,[62]
2506,[17]
2507,[17]
2508,[96]
2509,[96]
2510,[59]
2511,[59]
2512,[74]
2513,[74]
2514,[29]
2515,[29]
2516,[29]
2517,[27]
2518,[27]
2519,[16]
2520,[16]
2521,[59]
2522,[59]
2523,[59]
2524,[59]
2525,[69]
2526,[59]
2527,[59]
2528,[43]
2529,[43]
2530,[43]
2531,[43]
2532,[69]
2533,[69]
2534,[59]
2535,[59]
2536,[59]
2537,[59]
2538,[59]
2539,[59]
2540,[59]
2541,[59]
2542,[59]
2543,[59]
2544,[59]
2545,[59]
2546,[59]
2547,[59]
2548,[59]
2549,[59]
2550,[59]
2551,[59]
2552,[59]
2553,[59]
2554,[59]
2555,[59]
2556,[59]
2557,[59]
2558,[59]
2559,[59]
2560,[59]
2561,[59]
2562,[59]
2563,[59]
2564,[59]
2565,[59]
2566,[59]
2567,[59]
2568,[59]
2569,[59]
2570,[59]
2571,[59]
2572,[59]
2573,[59]
2574,[59]
2575,[59]
2576,[59]
2577,[59]
2578,[59]
2579,[59]
2580,[59]
2581,[59]
2582,[59]
2583,[59]
2584,[59]
2585,[59]
2586,[59]
2587,[59]
2588,[59]
2589,[59]
2590,[59]
2591,[59]
2592,[59]
2593,[59]
2594,[59]
2595,[59]
2596,[59]
2597,[59]
2598,[59]
2599,[59]
2600,[59]
2601,[59]
2602,[59]
2603,[59]
2604,[59]
2605,[59]
2606,[59]
2607,[59]
2608,[59]
2609,[59]
2610,[59]
2611,[59]
2612,[59]
2613,[59]
2614,[59]
2615,[59]
2616,[59]
2617,[59]
2618,[59]
2619,[59]
2620,[59]
2621,[59]
2622,[59]
2623,[59]
2624,[59]
2625,[59]
2626,[59]
2627,[59]
2628,[59]
2629,[59]
2630,[59]
2631,[59]
2632,[59]
2633,[59]
2634,[59]
2635,[59]
2636,[59]
2637,[59]
2638,[59]
2639,[59]
2640,[62]
2641,[59]
2642,[59]
2643,[59]
2644,[59]
2645,[59]
2646,[59]
2647,[59]
2648,[59]
2649,[59]
2650,[59]
2651,[93]
2652,[93]
2653,[93]
2654,[93]
2655,[93]
2656,[93]
2657,[93]
2658,[94]
2659,[98]
2660,[93]
2661,[35]
2662,[35]
2663,[67]
2664,[32]
2665,[32]
2666,[28]
2667,[28]
2668,[28]
2669,[28]
2670,[28]
2671,[77]
2672,[77]
2673,[77]
2674,[93]
2675,[93]
2676,[93]
2677,[93]
2678,[93]
2679,[93]
2680,[98]
2681,[98]
2682,[93]
2683,[35]
2684,[35]
2685,[35]
2686,[32]
2687,[32]
2688,[32]
2689,[32]
2690,[32]
2691,[32]
2692,[32]
2693,[26]
2694,[27]
2695,[26]
2696,[27]
2697,[26]
2698,[27]
2699,[26]
2700,[27]
2701,[59]
2702,[59]
2703,[59]
2704,[59]
2705,[59]
2706,[59]
2707,[59]
2708,[59]
2709,[59]
2710,[59]
2711,[59]
2712,[59]
2713,[59]
2714,[59]
2715,[59]
2716,[59]
2717,[35]
2718,[32]
2719,[32]
2720,[32]
2721,[42]
2722,[32]
2723,[59]
2724,[42]
2725,[35]
2726,[42]
2727,[42]
2728,[0]
2729,[42]
2730,[42]
2731,[42]
2732,[42]
2733,[42]
2734,[27]
2735,[27]
2736,[27]
2737,[42]
2738,[42]
2739,[42]
2740,[42]
2741,[59]
2742,[59]
2743,[59]
2744,[59]
2745,[59]
2746,[59]
2747,[59]
2748,[59]
2749,[59]
2750,[59]
2751,[59]
2752,[59]
2753,[59]
2754,[3]
2755,[65]
2756,[85]
2757,[59]
2758,[29]
2759,[59]
2760,[59]
2761,[59]
2762,[59]
2763,[59]
2764,[59]
2765,[59]
2766,[59]
2767,[59]
2768,[59]
2769,[59]
2770,[59]
2771,[59]
2772,[59]
2773,[59]
2774,[59]
2775,[59]
2776,[59]
2777,[59]
2778,[59]
2779,[59]
2780,[59]
2781,[59]
2782,[59]
2783,[59]
2784,[59]
2785,[65]
2786,[65]
2787,[96]
2788,[59]
2789,[59]
2790,[59]
2791,[59]
2792,[59]
2793,[59]
2794,[59]
2795,[59]
2796,[59]
2797,[59]
2798,[59]
2799,[59]
2800,[59]
2801,[59]
2802,[59]
2803,[59]
2804,[59]
2805,[59]
2806,[59]
2807,[59]
2808,[59]
2809,[59]
2810,[59]
2811,[31]
2812,[76]
2813,[31]
2814,[31]
2815,[20]
2816,[59]
2817,[59]
2818,[59]
2819,[59]
2820,[15]
2821,[15]
2822,[59]
2823,[59]
2824,[59]
2825,[59]
2826,[59]
2827,[59]
2828,[59]
2829,[59]
2830,[59]
2831,[59]
2832,[59]
2833,[59]
2834,[59]
2835,[59]
2836,[59]
2837,[59]
2838,[59]
2839,[59]
2840,[59]
2841,[59]
2842,[59]
2843,[59]
2844,[59]
2845,[59]
2846,[59]
2847,[59]
2848,[59]
2849,[59]
2850,[59]
2851,[59]
2852,[59]
2853,[59]
2854,[59]
2855,[59]
2856,[59]
2857,[59]
2858,[59]
2859,[59]
2860,[59]
2861,[59]
2862,[59]
2863,[59]
2864,[59]
2865,[59]
2866,[59]
2867,[69]
2868,[59]
2869,[59]
2870,[59]
2871,[59]
2872,[59]
2873,[59]
2874,[59]
2875,[59]
2876,[59]
2877,[59]
2878,[59]
2879,[59]
2880,[59]
2881,[59]
2882,[59]
2883,[59]
2884,[59]
2885,[59]
2886,[59]
2887,[59]
2888,[59]
2889,[59]
2890,[59]
2891,[59]
2892,[59]
2893,[59]
2894,[59]
2895,[59]
2896,[59]
2897,[59]
2898,[59]
2899,[59]
2900,[59]
2901,[59]
2902,[59]
2903,[69]
2904,[59]
2905,[59]
2906,[59]
2907,[46]
2908,[39]
2909,[62]
2910,[35]
2911,[34]
2912,[30]
2913,[83]
2914,[96]
2915,[59]
2916,[59]
2917,[59]
2918,[59]
2919,[59]
2920,[59]
2921,[63]
2922,[81]
2923,[31]
2924,[31]
2925,[31]
2926,[30]
2927,[42]
2928,[70]
2929,[28]
2930,[66]
2931,[43]
2932,[71]
2933,[50]
2934,[86]
2935,[69]
2936,[52]
2937,[42]
2938,[75]
2939,[76]
2940,[74]
2941,[65]
2942,[96]
2943,[62]
2944,[18]
2945,[16]
2946,[16]
2947,[50]
2948,[14]
2949,[96]
2950,[21]
2951,[96]
2952,[62]
2953,[42]
2954,[31]
2955,[54]
2956,[59]
2957,[14]
2958,[14]
2959,[83]
2960,[83]
2961,[83]
2962,[96]
2963,[96]
2964,[96]
2965,[63]
2966,[63]
2967,[63]
2968,[31]
2969,[31]
2970,[31]
2971,[31]
2972,[31]
2973,[31]
2974,[30]
2975,[30]
2976,[43]
2977,[43]
2978,[71]
2979,[71]
2980,[50]
2981,[50]
2982,[86]
2983,[86]
2984,[86]
2985,[59]
2986,[69]
2987,[69]
2988,[69]
2989,[69]
2990,[65]
2991,[65]
2992,[59]
2993,[59]
2994,[59]
2995,[59]
2996,[59]
2997,[59]
2998,[59]
2999,[59]
3000,[59]
3001,[59]
3002,[59]
3003,[59]
3004,[59]
3005,[59]
3006,[59]
3007,[59]
3008,[59]
3009,[59]
3010,[59]
3011,[59]
3012,[59]
3013,[59]
3014,[59]
3015,[59]
3016,[59]
3017,[59]
3018,[59]
3019,[59]
3020,[59]
3021,[59]
3022,[59]
3023,[59]
3024,[59]
3025,[59]
3026,[59]
3027,[59]
3028,[59]
3029,[59]
3030,[59]
3031,[59]
3032,[59]
3033,[59]
3034,[59]
3035,[59]
3036,[59]
3037,[59]
3038,[59]
3039,[59]
3040,[59]
3041,[59]
3042,[59]
3043,[59]
3044,[59]
3045,[59]
3046,[59]
3047,[59]
3048,[59]
3049,[59]
3050,[59]
3051,[59]
3052,[59]
3053,[59]
3054,[59]
3055,[59]
3056,[59]
3057,[59]
3058,[59]
3059,[59]
3060,[59]
3061,[59]
3062,[59]
3063,[59]
3064,[59]
3065,[59]
3066,[59]
3067,[59]
3068,[59]
3069,[59]
3070,[59]
3071,[59]
3072,[59]
3073,[59]
3074,[59]
3075,[59]
3076,[59]
3077,[59]
3078,[59]
3079,[59]
3080,[59]
3081,[59]
3082,[59]
3083,[59]
3084,[59]
3085,[59]
3086,[59]
3087,[59]
3088,[59]
3089,[59]
3090,[59]
3091,[59]
3092,[59]
3093,[59]
3094,[59]
3095,[59]
3096,[59]
3097,[59]
3098,[59]
3099,[59]
3100,[59]
3101,[59]
3102,[59]
3103,[59]
3104,[59]
3105,[59]
3106,[59]
3107,[59]
3108,[59]
3109,[59]
3110,[59]
3111,[30]
3112,[30]
3113,[30]
3114,[59]
3115,[59]
3116,[59]
3117,[59]
3118,[59]
3119,[59]
3120,[59]
3121,[59]
3122,[59]
3123,[59]
3124,[59]
3125,[59]
3126,[59]
3127,[59]
3128,[59]
3129,[59]
3130,[59]
3131,[59]
3132,[30]
3133,[21]
3134,[21]
3135,[21]
3136,[74]
3137,[16]
3138,[74]
3139,[74]
3140,[59]
3141,[59]
3142,[59]
3143,[59]
3144,[18]
3145,[18]
3146,[76]
3147,[76]
3148,[39]
3149,[39]
3150,[39]
3151,[16]
3152,[59]
3153,[16]
3154,[16]
3155,[16]
3156,[16]
3157,[59]
3158,[59]
3159,[59]
3160,[96]
3161,[96]
3162,[96]
